2025-04-13 20:10:51,107 [1] INFO Microsoft.Hosting.Lifetime - Now listening on: http://localhost:5012
2025-04-13 20:10:51,345 [1] INFO Microsoft.Hosting.Lifetime - Application started. Press Ctrl+C to shut down.
2025-04-13 20:10:51,347 [1] INFO Microsoft.Hosting.Lifetime - Hosting environment: Development
2025-04-13 20:10:51,349 [1] INFO Microsoft.Hosting.Lifetime - Content root path: C:\Users\sivab\source\repos\CozyHavenStay\CozyHavenStay
2025-04-13 20:12:06,009 [.NET TP Worker] WARN Microsoft.EntityFrameworkCore.Model.Validation - No store type was specified for the decimal property 'AmountPaid' on entity type 'Payment'. This will cause values to be silently truncated if they do not fit in the default precision and scale. Explicitly specify the SQL server column type that can accommodate all the values in 'OnModelCreating' using 'HasColumnType', specify precision and scale using 'HasPrecision', or configure a value converter using 'HasConversion'.
2025-04-13 20:12:06,017 [.NET TP Worker] WARN Microsoft.EntityFrameworkCore.Model.Validation - No store type was specified for the decimal property 'AmountRefunded' on entity type 'Refund'. This will cause values to be silently truncated if they do not fit in the default precision and scale. Explicitly specify the SQL server column type that can accommodate all the values in 'OnModelCreating' using 'HasColumnType', specify precision and scale using 'HasPrecision', or configure a value converter using 'HasConversion'.
2025-04-13 20:12:06,022 [.NET TP Worker] WARN Microsoft.EntityFrameworkCore.Model.Validation - No store type was specified for the decimal property 'PricePerNight' on entity type 'Room'. This will cause values to be silently truncated if they do not fit in the default precision and scale. Explicitly specify the SQL server column type that can accommodate all the values in 'OnModelCreating' using 'HasColumnType', specify precision and scale using 'HasPrecision', or configure a value converter using 'HasConversion'.
2025-04-13 20:12:11,999 [.NET TP Worker] INFO Microsoft.EntityFrameworkCore.Database.Command - Executed DbCommand (2,027ms) [Parameters=[@__id_0='?' (Size = 450)], CommandType='Text', CommandTimeout='30']
SELECT TOP(1) [u].[Email], [u].[HashKey], [u].[Password], [u].[Role], [c].[Id], [c].[Address], [c].[Email], [c].[Gender], [c].[Name], [c].[Phone]
FROM [Users] AS [u]
LEFT JOIN [Customers] AS [c] ON [u].[Email] = [c].[Email]
WHERE [c].[Id] IS NOT NULL AND [c].[Email] = @__id_0
2025-04-13 23:11:35,962 [1] INFO Microsoft.Hosting.Lifetime - Now listening on: http://localhost:5012
2025-04-13 23:11:36,263 [1] INFO Microsoft.Hosting.Lifetime - Application started. Press Ctrl+C to shut down.
2025-04-13 23:11:36,268 [1] INFO Microsoft.Hosting.Lifetime - Hosting environment: Development
2025-04-13 23:11:36,273 [1] INFO Microsoft.Hosting.Lifetime - Content root path: C:\Users\sivab\source\repos\CozyHavenStay\CozyHavenStay
2025-04-13 23:12:46,968 [.NET TP Worker] WARN Microsoft.EntityFrameworkCore.Model.Validation - No store type was specified for the decimal property 'AmountPaid' on entity type 'Payment'. This will cause values to be silently truncated if they do not fit in the default precision and scale. Explicitly specify the SQL server column type that can accommodate all the values in 'OnModelCreating' using 'HasColumnType', specify precision and scale using 'HasPrecision', or configure a value converter using 'HasConversion'.
2025-04-13 23:12:46,977 [.NET TP Worker] WARN Microsoft.EntityFrameworkCore.Model.Validation - No store type was specified for the decimal property 'AmountRefunded' on entity type 'Refund'. This will cause values to be silently truncated if they do not fit in the default precision and scale. Explicitly specify the SQL server column type that can accommodate all the values in 'OnModelCreating' using 'HasColumnType', specify precision and scale using 'HasPrecision', or configure a value converter using 'HasConversion'.
2025-04-13 23:12:46,983 [.NET TP Worker] WARN Microsoft.EntityFrameworkCore.Model.Validation - No store type was specified for the decimal property 'PricePerNight' on entity type 'Room'. This will cause values to be silently truncated if they do not fit in the default precision and scale. Explicitly specify the SQL server column type that can accommodate all the values in 'OnModelCreating' using 'HasColumnType', specify precision and scale using 'HasPrecision', or configure a value converter using 'HasConversion'.
2025-04-13 23:12:53,170 [.NET TP Worker] INFO Microsoft.EntityFrameworkCore.Database.Command - Executed DbCommand (2,084ms) [Parameters=[@__id_0='?' (Size = 450)], CommandType='Text', CommandTimeout='30']
SELECT TOP(2) [u].[Email], [u].[HashKey], [u].[Password], [u].[Role]
FROM [Users] AS [u]
WHERE [u].[Email] = @__id_0
2025-04-13 23:12:53,815 [.NET TP Worker] INFO Microsoft.EntityFrameworkCore.Database.Command - Executed DbCommand (85ms) [Parameters=[], CommandType='Text', CommandTimeout='30']
SELECT [a].[Id], [a].[Email], [a].[Name]
FROM [Admins] AS [a]
2025-04-13 23:36:59,284 [.NET TP Worker] INFO Microsoft.EntityFrameworkCore.Database.Command - Executed DbCommand (447ms) [Parameters=[@__id_0='?' (Size = 450)], CommandType='Text', CommandTimeout='30']
SELECT TOP(2) [u].[Email], [u].[HashKey], [u].[Password], [u].[Role]
FROM [Users] AS [u]
WHERE [u].[Email] = @__id_0
2025-04-13 23:36:59,349 [.NET TP Worker] INFO Microsoft.EntityFrameworkCore.Database.Command - Executed DbCommand (28ms) [Parameters=[], CommandType='Text', CommandTimeout='30']
SELECT [a].[Id], [a].[Email], [a].[Name]
FROM [Admins] AS [a]
2025-04-13 23:38:03,240 [.NET TP Worker] INFO Microsoft.EntityFrameworkCore.Database.Command - Executed DbCommand (1,427ms) [Parameters=[@p0='?' (Size = 4000), @p1='?' (Size = 4000), @p2='?' (Size = 4000), @p3='?' (Size = 4000), @p4='?' (DbType = Int32), @p5='?' (Size = 4000), @p6='?' (Size = 4000), @p7='?' (DbType = Int32)], CommandType='Text', CommandTimeout='30']
SET IMPLICIT_TRANSACTIONS OFF;
SET NOCOUNT ON;
INSERT INTO [Hotels] ([Amenities], [ContactNumber], [Description], [Email], [HotelManagerId], [HotelName], [Location], [StarRating])
OUTPUT INSERTED.[HotelId]
VALUES (@p0, @p1, @p2, @p3, @p4, @p5, @p6, @p7);
2025-04-13 23:38:04,720 [.NET TP Worker] ERROR Microsoft.EntityFrameworkCore.Update - An exception occurred in the database while saving changes for context type 'CozyHavenStay.Contexts.CozyHavenStayContext'.
Microsoft.EntityFrameworkCore.DbUpdateException: An error occurred while saving the entity changes. See the inner exception for details.
 ---> Microsoft.Data.SqlClient.SqlException (0x80131904): The INSERT statement conflicted with the FOREIGN KEY constraint "FK_Hotels_HotelManagers_HotelManagerId". The conflict occurred in database "CozyHavenStay", table "dbo.HotelManagers", column 'Id'.
   at Microsoft.Data.SqlClient.SqlConnection.OnError(SqlException exception, Boolean breakConnection, Action`1 wrapCloseInAction)
   at Microsoft.Data.SqlClient.SqlInternalConnection.OnError(SqlException exception, Boolean breakConnection, Action`1 wrapCloseInAction)
   at Microsoft.Data.SqlClient.TdsParser.ThrowExceptionAndWarning(TdsParserStateObject stateObj, Boolean callerHasConnectionLock, Boolean asyncClose)
   at Microsoft.Data.SqlClient.TdsParser.TryRun(RunBehavior runBehavior, SqlCommand cmdHandler, SqlDataReader dataStream, BulkCopySimpleResultSet bulkCopyHandler, TdsParserStateObject stateObj, Boolean& dataReady)
   at Microsoft.Data.SqlClient.SqlDataReader.TryHasMoreRows(Boolean& moreRows)
   at Microsoft.Data.SqlClient.SqlDataReader.TryReadInternal(Boolean setTimeout, Boolean& more)
   at Microsoft.Data.SqlClient.SqlDataReader.ReadAsyncExecute(Task task, Object state)
   at Microsoft.Data.SqlClient.SqlDataReader.InvokeAsyncCall[T](SqlDataReaderBaseAsyncCallContext`1 context)
--- End of stack trace from previous location ---
   at Microsoft.EntityFrameworkCore.Update.AffectedCountModificationCommandBatch.ConsumeResultSetAsync(Int32 startCommandIndex, RelationalDataReader reader, CancellationToken cancellationToken)
ClientConnectionId:04d1ebee-6e04-4da3-a3d0-da830048c91a
Error Number:547,State:0,Class:16
   --- End of inner exception stack trace ---
   at Microsoft.EntityFrameworkCore.Update.AffectedCountModificationCommandBatch.ConsumeResultSetAsync(Int32 startCommandIndex, RelationalDataReader reader, CancellationToken cancellationToken)
   at Microsoft.EntityFrameworkCore.Update.AffectedCountModificationCommandBatch.ConsumeAsync(RelationalDataReader reader, CancellationToken cancellationToken)
   at Microsoft.EntityFrameworkCore.Update.ReaderModificationCommandBatch.ExecuteAsync(IRelationalConnection connection, CancellationToken cancellationToken)
   at Microsoft.EntityFrameworkCore.Update.ReaderModificationCommandBatch.ExecuteAsync(IRelationalConnection connection, CancellationToken cancellationToken)
   at Microsoft.EntityFrameworkCore.SqlServer.Update.Internal.SqlServerModificationCommandBatch.ExecuteAsync(IRelationalConnection connection, CancellationToken cancellationToken)
   at Microsoft.EntityFrameworkCore.Update.Internal.BatchExecutor.ExecuteAsync(IEnumerable`1 commandBatches, IRelationalConnection connection, CancellationToken cancellationToken)
   at Microsoft.EntityFrameworkCore.Update.Internal.BatchExecutor.ExecuteAsync(IEnumerable`1 commandBatches, IRelationalConnection connection, CancellationToken cancellationToken)
   at Microsoft.EntityFrameworkCore.Update.Internal.BatchExecutor.ExecuteAsync(IEnumerable`1 commandBatches, IRelationalConnection connection, CancellationToken cancellationToken)
   at Microsoft.EntityFrameworkCore.ChangeTracking.Internal.StateManager.SaveChangesAsync(IList`1 entriesToSave, CancellationToken cancellationToken)
   at Microsoft.EntityFrameworkCore.ChangeTracking.Internal.StateManager.SaveChangesAsync(StateManager stateManager, Boolean acceptAllChangesOnSuccess, CancellationToken cancellationToken)
   at Microsoft.EntityFrameworkCore.SqlServer.Storage.Internal.SqlServerExecutionStrategy.ExecuteAsync[TState,TResult](TState state, Func`4 operation, Func`4 verifySucceeded, CancellationToken cancellationToken)
   at Microsoft.EntityFrameworkCore.DbContext.SaveChangesAsync(Boolean acceptAllChangesOnSuccess, CancellationToken cancellationToken)
Microsoft.EntityFrameworkCore.DbUpdateException: An error occurred while saving the entity changes. See the inner exception for details.
 ---> Microsoft.Data.SqlClient.SqlException (0x80131904): The INSERT statement conflicted with the FOREIGN KEY constraint "FK_Hotels_HotelManagers_HotelManagerId". The conflict occurred in database "CozyHavenStay", table "dbo.HotelManagers", column 'Id'.
   at Microsoft.Data.SqlClient.SqlConnection.OnError(SqlException exception, Boolean breakConnection, Action`1 wrapCloseInAction)
   at Microsoft.Data.SqlClient.SqlInternalConnection.OnError(SqlException exception, Boolean breakConnection, Action`1 wrapCloseInAction)
   at Microsoft.Data.SqlClient.TdsParser.ThrowExceptionAndWarning(TdsParserStateObject stateObj, Boolean callerHasConnectionLock, Boolean asyncClose)
   at Microsoft.Data.SqlClient.TdsParser.TryRun(RunBehavior runBehavior, SqlCommand cmdHandler, SqlDataReader dataStream, BulkCopySimpleResultSet bulkCopyHandler, TdsParserStateObject stateObj, Boolean& dataReady)
   at Microsoft.Data.SqlClient.SqlDataReader.TryHasMoreRows(Boolean& moreRows)
   at Microsoft.Data.SqlClient.SqlDataReader.TryReadInternal(Boolean setTimeout, Boolean& more)
   at Microsoft.Data.SqlClient.SqlDataReader.ReadAsyncExecute(Task task, Object state)
   at Microsoft.Data.SqlClient.SqlDataReader.InvokeAsyncCall[T](SqlDataReaderBaseAsyncCallContext`1 context)
--- End of stack trace from previous location ---
   at Microsoft.EntityFrameworkCore.Update.AffectedCountModificationCommandBatch.ConsumeResultSetAsync(Int32 startCommandIndex, RelationalDataReader reader, CancellationToken cancellationToken)
ClientConnectionId:04d1ebee-6e04-4da3-a3d0-da830048c91a
Error Number:547,State:0,Class:16
   --- End of inner exception stack trace ---
   at Microsoft.EntityFrameworkCore.Update.AffectedCountModificationCommandBatch.ConsumeResultSetAsync(Int32 startCommandIndex, RelationalDataReader reader, CancellationToken cancellationToken)
   at Microsoft.EntityFrameworkCore.Update.AffectedCountModificationCommandBatch.ConsumeAsync(RelationalDataReader reader, CancellationToken cancellationToken)
   at Microsoft.EntityFrameworkCore.Update.ReaderModificationCommandBatch.ExecuteAsync(IRelationalConnection connection, CancellationToken cancellationToken)
   at Microsoft.EntityFrameworkCore.Update.ReaderModificationCommandBatch.ExecuteAsync(IRelationalConnection connection, CancellationToken cancellationToken)
   at Microsoft.EntityFrameworkCore.SqlServer.Update.Internal.SqlServerModificationCommandBatch.ExecuteAsync(IRelationalConnection connection, CancellationToken cancellationToken)
   at Microsoft.EntityFrameworkCore.Update.Internal.BatchExecutor.ExecuteAsync(IEnumerable`1 commandBatches, IRelationalConnection connection, CancellationToken cancellationToken)
   at Microsoft.EntityFrameworkCore.Update.Internal.BatchExecutor.ExecuteAsync(IEnumerable`1 commandBatches, IRelationalConnection connection, CancellationToken cancellationToken)
   at Microsoft.EntityFrameworkCore.Update.Internal.BatchExecutor.ExecuteAsync(IEnumerable`1 commandBatches, IRelationalConnection connection, CancellationToken cancellationToken)
   at Microsoft.EntityFrameworkCore.ChangeTracking.Internal.StateManager.SaveChangesAsync(IList`1 entriesToSave, CancellationToken cancellationToken)
   at Microsoft.EntityFrameworkCore.ChangeTracking.Internal.StateManager.SaveChangesAsync(StateManager stateManager, Boolean acceptAllChangesOnSuccess, CancellationToken cancellationToken)
   at Microsoft.EntityFrameworkCore.SqlServer.Storage.Internal.SqlServerExecutionStrategy.ExecuteAsync[TState,TResult](TState state, Func`4 operation, Func`4 verifySucceeded, CancellationToken cancellationToken)
   at Microsoft.EntityFrameworkCore.DbContext.SaveChangesAsync(Boolean acceptAllChangesOnSuccess, CancellationToken cancellationToken)
2025-04-13 23:45:35,564 [.NET TP Worker] INFO Microsoft.EntityFrameworkCore.Database.Command - Executed DbCommand (90ms) [Parameters=[@p0='?' (Size = 450), @p1='?' (Size = 8000) (DbType = Binary), @p2='?' (Size = 8000) (DbType = Binary), @p3='?' (Size = 4000)], CommandType='Text', CommandTimeout='30']
SET IMPLICIT_TRANSACTIONS OFF;
SET NOCOUNT ON;
INSERT INTO [Users] ([Email], [HashKey], [Password], [Role])
VALUES (@p0, @p1, @p2, @p3);
2025-04-13 23:45:35,871 [.NET TP Worker] INFO Microsoft.EntityFrameworkCore.Database.Command - Executed DbCommand (244ms) [Parameters=[@p0='?' (Size = 450), @p1='?' (Size = 4000), @p2='?' (Size = 4000), @p3='?' (Size = 4000)], CommandType='Text', CommandTimeout='30']
SET IMPLICIT_TRANSACTIONS OFF;
SET NOCOUNT ON;
INSERT INTO [HotelManagers] ([Email], [Name], [Password], [Phone])
OUTPUT INSERTED.[Id]
VALUES (@p0, @p1, @p2, @p3);
2025-04-13 23:45:35,901 [.NET TP Worker] ERROR Microsoft.EntityFrameworkCore.Update - An exception occurred in the database while saving changes for context type 'CozyHavenStay.Contexts.CozyHavenStayContext'.
Microsoft.EntityFrameworkCore.DbUpdateException: An error occurred while saving the entity changes. See the inner exception for details.
 ---> Microsoft.Data.SqlClient.SqlException (0x80131904): Cannot insert the value NULL into column 'Password', table 'CozyHavenStay.dbo.HotelManagers'; column does not allow nulls. INSERT fails.
   at Microsoft.Data.SqlClient.SqlConnection.OnError(SqlException exception, Boolean breakConnection, Action`1 wrapCloseInAction)
   at Microsoft.Data.SqlClient.SqlInternalConnection.OnError(SqlException exception, Boolean breakConnection, Action`1 wrapCloseInAction)
   at Microsoft.Data.SqlClient.TdsParser.ThrowExceptionAndWarning(TdsParserStateObject stateObj, Boolean callerHasConnectionLock, Boolean asyncClose)
   at Microsoft.Data.SqlClient.TdsParser.TryRun(RunBehavior runBehavior, SqlCommand cmdHandler, SqlDataReader dataStream, BulkCopySimpleResultSet bulkCopyHandler, TdsParserStateObject stateObj, Boolean& dataReady)
   at Microsoft.Data.SqlClient.SqlDataReader.TryHasMoreRows(Boolean& moreRows)
   at Microsoft.Data.SqlClient.SqlDataReader.TryReadInternal(Boolean setTimeout, Boolean& more)
   at Microsoft.Data.SqlClient.SqlDataReader.ReadAsyncExecute(Task task, Object state)
   at Microsoft.Data.SqlClient.SqlDataReader.InvokeAsyncCall[T](SqlDataReaderBaseAsyncCallContext`1 context)
--- End of stack trace from previous location ---
   at Microsoft.EntityFrameworkCore.Update.AffectedCountModificationCommandBatch.ConsumeResultSetAsync(Int32 startCommandIndex, RelationalDataReader reader, CancellationToken cancellationToken)
ClientConnectionId:17fd318c-ba3c-4cda-9d82-d37b3657bbaa
Error Number:515,State:2,Class:16
   --- End of inner exception stack trace ---
   at Microsoft.EntityFrameworkCore.Update.AffectedCountModificationCommandBatch.ConsumeResultSetAsync(Int32 startCommandIndex, RelationalDataReader reader, CancellationToken cancellationToken)
   at Microsoft.EntityFrameworkCore.Update.AffectedCountModificationCommandBatch.ConsumeAsync(RelationalDataReader reader, CancellationToken cancellationToken)
   at Microsoft.EntityFrameworkCore.Update.ReaderModificationCommandBatch.ExecuteAsync(IRelationalConnection connection, CancellationToken cancellationToken)
   at Microsoft.EntityFrameworkCore.Update.ReaderModificationCommandBatch.ExecuteAsync(IRelationalConnection connection, CancellationToken cancellationToken)
   at Microsoft.EntityFrameworkCore.SqlServer.Update.Internal.SqlServerModificationCommandBatch.ExecuteAsync(IRelationalConnection connection, CancellationToken cancellationToken)
   at Microsoft.EntityFrameworkCore.Update.Internal.BatchExecutor.ExecuteAsync(IEnumerable`1 commandBatches, IRelationalConnection connection, CancellationToken cancellationToken)
   at Microsoft.EntityFrameworkCore.Update.Internal.BatchExecutor.ExecuteAsync(IEnumerable`1 commandBatches, IRelationalConnection connection, CancellationToken cancellationToken)
   at Microsoft.EntityFrameworkCore.Update.Internal.BatchExecutor.ExecuteAsync(IEnumerable`1 commandBatches, IRelationalConnection connection, CancellationToken cancellationToken)
   at Microsoft.EntityFrameworkCore.ChangeTracking.Internal.StateManager.SaveChangesAsync(IList`1 entriesToSave, CancellationToken cancellationToken)
   at Microsoft.EntityFrameworkCore.ChangeTracking.Internal.StateManager.SaveChangesAsync(StateManager stateManager, Boolean acceptAllChangesOnSuccess, CancellationToken cancellationToken)
   at Microsoft.EntityFrameworkCore.SqlServer.Storage.Internal.SqlServerExecutionStrategy.ExecuteAsync[TState,TResult](TState state, Func`4 operation, Func`4 verifySucceeded, CancellationToken cancellationToken)
   at Microsoft.EntityFrameworkCore.DbContext.SaveChangesAsync(Boolean acceptAllChangesOnSuccess, CancellationToken cancellationToken)
Microsoft.EntityFrameworkCore.DbUpdateException: An error occurred while saving the entity changes. See the inner exception for details.
 ---> Microsoft.Data.SqlClient.SqlException (0x80131904): Cannot insert the value NULL into column 'Password', table 'CozyHavenStay.dbo.HotelManagers'; column does not allow nulls. INSERT fails.
   at Microsoft.Data.SqlClient.SqlConnection.OnError(SqlException exception, Boolean breakConnection, Action`1 wrapCloseInAction)
   at Microsoft.Data.SqlClient.SqlInternalConnection.OnError(SqlException exception, Boolean breakConnection, Action`1 wrapCloseInAction)
   at Microsoft.Data.SqlClient.TdsParser.ThrowExceptionAndWarning(TdsParserStateObject stateObj, Boolean callerHasConnectionLock, Boolean asyncClose)
   at Microsoft.Data.SqlClient.TdsParser.TryRun(RunBehavior runBehavior, SqlCommand cmdHandler, SqlDataReader dataStream, BulkCopySimpleResultSet bulkCopyHandler, TdsParserStateObject stateObj, Boolean& dataReady)
   at Microsoft.Data.SqlClient.SqlDataReader.TryHasMoreRows(Boolean& moreRows)
   at Microsoft.Data.SqlClient.SqlDataReader.TryReadInternal(Boolean setTimeout, Boolean& more)
   at Microsoft.Data.SqlClient.SqlDataReader.ReadAsyncExecute(Task task, Object state)
   at Microsoft.Data.SqlClient.SqlDataReader.InvokeAsyncCall[T](SqlDataReaderBaseAsyncCallContext`1 context)
--- End of stack trace from previous location ---
   at Microsoft.EntityFrameworkCore.Update.AffectedCountModificationCommandBatch.ConsumeResultSetAsync(Int32 startCommandIndex, RelationalDataReader reader, CancellationToken cancellationToken)
ClientConnectionId:17fd318c-ba3c-4cda-9d82-d37b3657bbaa
Error Number:515,State:2,Class:16
   --- End of inner exception stack trace ---
   at Microsoft.EntityFrameworkCore.Update.AffectedCountModificationCommandBatch.ConsumeResultSetAsync(Int32 startCommandIndex, RelationalDataReader reader, CancellationToken cancellationToken)
   at Microsoft.EntityFrameworkCore.Update.AffectedCountModificationCommandBatch.ConsumeAsync(RelationalDataReader reader, CancellationToken cancellationToken)
   at Microsoft.EntityFrameworkCore.Update.ReaderModificationCommandBatch.ExecuteAsync(IRelationalConnection connection, CancellationToken cancellationToken)
   at Microsoft.EntityFrameworkCore.Update.ReaderModificationCommandBatch.ExecuteAsync(IRelationalConnection connection, CancellationToken cancellationToken)
   at Microsoft.EntityFrameworkCore.SqlServer.Update.Internal.SqlServerModificationCommandBatch.ExecuteAsync(IRelationalConnection connection, CancellationToken cancellationToken)
   at Microsoft.EntityFrameworkCore.Update.Internal.BatchExecutor.ExecuteAsync(IEnumerable`1 commandBatches, IRelationalConnection connection, CancellationToken cancellationToken)
   at Microsoft.EntityFrameworkCore.Update.Internal.BatchExecutor.ExecuteAsync(IEnumerable`1 commandBatches, IRelationalConnection connection, CancellationToken cancellationToken)
   at Microsoft.EntityFrameworkCore.Update.Internal.BatchExecutor.ExecuteAsync(IEnumerable`1 commandBatches, IRelationalConnection connection, CancellationToken cancellationToken)
   at Microsoft.EntityFrameworkCore.ChangeTracking.Internal.StateManager.SaveChangesAsync(IList`1 entriesToSave, CancellationToken cancellationToken)
   at Microsoft.EntityFrameworkCore.ChangeTracking.Internal.StateManager.SaveChangesAsync(StateManager stateManager, Boolean acceptAllChangesOnSuccess, CancellationToken cancellationToken)
   at Microsoft.EntityFrameworkCore.SqlServer.Storage.Internal.SqlServerExecutionStrategy.ExecuteAsync[TState,TResult](TState state, Func`4 operation, Func`4 verifySucceeded, CancellationToken cancellationToken)
   at Microsoft.EntityFrameworkCore.DbContext.SaveChangesAsync(Boolean acceptAllChangesOnSuccess, CancellationToken cancellationToken)
2025-04-13 23:45:36,564 [.NET TP Worker] ERROR Microsoft.AspNetCore.Diagnostics.DeveloperExceptionPageMiddleware - An unhandled exception has occurred while executing the request.
Microsoft.EntityFrameworkCore.DbUpdateException: An error occurred while saving the entity changes. See the inner exception for details.
 ---> Microsoft.Data.SqlClient.SqlException (0x80131904): Cannot insert the value NULL into column 'Password', table 'CozyHavenStay.dbo.HotelManagers'; column does not allow nulls. INSERT fails.
   at Microsoft.Data.SqlClient.SqlConnection.OnError(SqlException exception, Boolean breakConnection, Action`1 wrapCloseInAction)
   at Microsoft.Data.SqlClient.SqlInternalConnection.OnError(SqlException exception, Boolean breakConnection, Action`1 wrapCloseInAction)
   at Microsoft.Data.SqlClient.TdsParser.ThrowExceptionAndWarning(TdsParserStateObject stateObj, Boolean callerHasConnectionLock, Boolean asyncClose)
   at Microsoft.Data.SqlClient.TdsParser.TryRun(RunBehavior runBehavior, SqlCommand cmdHandler, SqlDataReader dataStream, BulkCopySimpleResultSet bulkCopyHandler, TdsParserStateObject stateObj, Boolean& dataReady)
   at Microsoft.Data.SqlClient.SqlDataReader.TryHasMoreRows(Boolean& moreRows)
   at Microsoft.Data.SqlClient.SqlDataReader.TryReadInternal(Boolean setTimeout, Boolean& more)
   at Microsoft.Data.SqlClient.SqlDataReader.ReadAsyncExecute(Task task, Object state)
   at Microsoft.Data.SqlClient.SqlDataReader.InvokeAsyncCall[T](SqlDataReaderBaseAsyncCallContext`1 context)
--- End of stack trace from previous location ---
   at Microsoft.EntityFrameworkCore.Update.AffectedCountModificationCommandBatch.ConsumeResultSetAsync(Int32 startCommandIndex, RelationalDataReader reader, CancellationToken cancellationToken)
ClientConnectionId:17fd318c-ba3c-4cda-9d82-d37b3657bbaa
Error Number:515,State:2,Class:16
   --- End of inner exception stack trace ---
   at Microsoft.EntityFrameworkCore.Update.AffectedCountModificationCommandBatch.ConsumeResultSetAsync(Int32 startCommandIndex, RelationalDataReader reader, CancellationToken cancellationToken)
   at Microsoft.EntityFrameworkCore.Update.AffectedCountModificationCommandBatch.ConsumeAsync(RelationalDataReader reader, CancellationToken cancellationToken)
   at Microsoft.EntityFrameworkCore.Update.ReaderModificationCommandBatch.ExecuteAsync(IRelationalConnection connection, CancellationToken cancellationToken)
   at Microsoft.EntityFrameworkCore.Update.ReaderModificationCommandBatch.ExecuteAsync(IRelationalConnection connection, CancellationToken cancellationToken)
   at Microsoft.EntityFrameworkCore.SqlServer.Update.Internal.SqlServerModificationCommandBatch.ExecuteAsync(IRelationalConnection connection, CancellationToken cancellationToken)
   at Microsoft.EntityFrameworkCore.Update.Internal.BatchExecutor.ExecuteAsync(IEnumerable`1 commandBatches, IRelationalConnection connection, CancellationToken cancellationToken)
   at Microsoft.EntityFrameworkCore.Update.Internal.BatchExecutor.ExecuteAsync(IEnumerable`1 commandBatches, IRelationalConnection connection, CancellationToken cancellationToken)
   at Microsoft.EntityFrameworkCore.Update.Internal.BatchExecutor.ExecuteAsync(IEnumerable`1 commandBatches, IRelationalConnection connection, CancellationToken cancellationToken)
   at Microsoft.EntityFrameworkCore.ChangeTracking.Internal.StateManager.SaveChangesAsync(IList`1 entriesToSave, CancellationToken cancellationToken)
   at Microsoft.EntityFrameworkCore.ChangeTracking.Internal.StateManager.SaveChangesAsync(StateManager stateManager, Boolean acceptAllChangesOnSuccess, CancellationToken cancellationToken)
   at Microsoft.EntityFrameworkCore.SqlServer.Storage.Internal.SqlServerExecutionStrategy.ExecuteAsync[TState,TResult](TState state, Func`4 operation, Func`4 verifySucceeded, CancellationToken cancellationToken)
   at Microsoft.EntityFrameworkCore.DbContext.SaveChangesAsync(Boolean acceptAllChangesOnSuccess, CancellationToken cancellationToken)
   at Microsoft.EntityFrameworkCore.DbContext.SaveChangesAsync(Boolean acceptAllChangesOnSuccess, CancellationToken cancellationToken)
   at CozyHavenStay.Repositories.Repository`2.Add(T entity) in C:\Users\sivab\source\repos\CozyHavenStay\CozyHavenStay\Repositories\Repository.cs:line 19
   at CozyHavenStay.Services.HotelManagerService.CreateHotelManager(CreateHotelManagerRequest request) in C:\Users\sivab\source\repos\CozyHavenStay\CozyHavenStay\Services\HotelManagerService.cs:line 45
   at CozyHavenStay.Controllers.HotelManagerController.Create(CreateHotelManagerRequest request) in C:\Users\sivab\source\repos\CozyHavenStay\CozyHavenStay\Controllers\HotelManagerController.cs:line 24
   at lambda_method216(Closure, Object)
   at Microsoft.AspNetCore.Mvc.Infrastructure.ActionMethodExecutor.AwaitableObjectResultExecutor.Execute(ActionContext actionContext, IActionResultTypeMapper mapper, ObjectMethodExecutor executor, Object controller, Object[] arguments)
   at Microsoft.AspNetCore.Mvc.Infrastructure.ControllerActionInvoker.<InvokeActionMethodAsync>g__Awaited|12_0(ControllerActionInvoker invoker, ValueTask`1 actionResultValueTask)
   at Microsoft.AspNetCore.Mvc.Infrastructure.ControllerActionInvoker.<InvokeNextActionFilterAsync>g__Awaited|10_0(ControllerActionInvoker invoker, Task lastTask, State next, Scope scope, Object state, Boolean isCompleted)
   at Microsoft.AspNetCore.Mvc.Infrastructure.ControllerActionInvoker.Rethrow(ActionExecutedContextSealed context)
   at Microsoft.AspNetCore.Mvc.Infrastructure.ControllerActionInvoker.Next(State& next, Scope& scope, Object& state, Boolean& isCompleted)
   at Microsoft.AspNetCore.Mvc.Infrastructure.ControllerActionInvoker.<InvokeInnerFilterAsync>g__Awaited|13_0(ControllerActionInvoker invoker, Task lastTask, State next, Scope scope, Object state, Boolean isCompleted)
   at Microsoft.AspNetCore.Mvc.Infrastructure.ResourceInvoker.<InvokeFilterPipelineAsync>g__Awaited|20_0(ResourceInvoker invoker, Task lastTask, State next, Scope scope, Object state, Boolean isCompleted)
   at Microsoft.AspNetCore.Mvc.Infrastructure.ResourceInvoker.<InvokeAsync>g__Awaited|17_0(ResourceInvoker invoker, Task task, IDisposable scope)
   at Microsoft.AspNetCore.Mvc.Infrastructure.ResourceInvoker.<InvokeAsync>g__Awaited|17_0(ResourceInvoker invoker, Task task, IDisposable scope)
   at Microsoft.AspNetCore.Authorization.AuthorizationMiddleware.Invoke(HttpContext context)
   at Microsoft.AspNetCore.Authentication.AuthenticationMiddleware.Invoke(HttpContext context)
   at Swashbuckle.AspNetCore.SwaggerUI.SwaggerUIMiddleware.Invoke(HttpContext httpContext)
   at Swashbuckle.AspNetCore.Swagger.SwaggerMiddleware.Invoke(HttpContext httpContext, ISwaggerProvider swaggerProvider)
   at Microsoft.AspNetCore.Diagnostics.DeveloperExceptionPageMiddlewareImpl.Invoke(HttpContext context)
2025-04-13 23:51:35,411 [1] INFO Microsoft.Hosting.Lifetime - Now listening on: http://localhost:5012
2025-04-13 23:51:35,616 [1] INFO Microsoft.Hosting.Lifetime - Application started. Press Ctrl+C to shut down.
2025-04-13 23:51:35,623 [1] INFO Microsoft.Hosting.Lifetime - Hosting environment: Development
2025-04-13 23:51:35,628 [1] INFO Microsoft.Hosting.Lifetime - Content root path: C:\Users\sivab\source\repos\CozyHavenStay\CozyHavenStay
2025-04-13 23:54:02,971 [.NET TP Worker] WARN Microsoft.EntityFrameworkCore.Model.Validation - No store type was specified for the decimal property 'AmountPaid' on entity type 'Payment'. This will cause values to be silently truncated if they do not fit in the default precision and scale. Explicitly specify the SQL server column type that can accommodate all the values in 'OnModelCreating' using 'HasColumnType', specify precision and scale using 'HasPrecision', or configure a value converter using 'HasConversion'.
2025-04-13 23:54:02,979 [.NET TP Worker] WARN Microsoft.EntityFrameworkCore.Model.Validation - No store type was specified for the decimal property 'AmountRefunded' on entity type 'Refund'. This will cause values to be silently truncated if they do not fit in the default precision and scale. Explicitly specify the SQL server column type that can accommodate all the values in 'OnModelCreating' using 'HasColumnType', specify precision and scale using 'HasPrecision', or configure a value converter using 'HasConversion'.
2025-04-13 23:54:03,003 [.NET TP Worker] WARN Microsoft.EntityFrameworkCore.Model.Validation - No store type was specified for the decimal property 'PricePerNight' on entity type 'Room'. This will cause values to be silently truncated if they do not fit in the default precision and scale. Explicitly specify the SQL server column type that can accommodate all the values in 'OnModelCreating' using 'HasColumnType', specify precision and scale using 'HasPrecision', or configure a value converter using 'HasConversion'.
2025-04-13 23:54:06,727 [.NET TP Worker] INFO Microsoft.EntityFrameworkCore.Database.Command - Executed DbCommand (390ms) [Parameters=[@__id_0='?' (Size = 450)], CommandType='Text', CommandTimeout='30']
SELECT TOP(2) [u].[Email], [u].[HashKey], [u].[Password], [u].[Role]
FROM [Users] AS [u]
WHERE [u].[Email] = @__id_0
2025-04-13 23:54:07,078 [.NET TP Worker] INFO Microsoft.EntityFrameworkCore.Database.Command - Executed DbCommand (45ms) [Parameters=[], CommandType='Text', CommandTimeout='30']
SELECT [a].[Id], [a].[Email], [a].[Name]
FROM [Admins] AS [a]
2025-04-13 23:55:57,984 [.NET TP Worker] ERROR Microsoft.EntityFrameworkCore.Database.Command - Failed executing DbCommand (591ms) [Parameters=[@p0='?' (Size = 450), @p1='?' (Size = 8000) (DbType = Binary), @p2='?' (Size = 8000) (DbType = Binary), @p3='?' (Size = 4000)], CommandType='Text', CommandTimeout='30']
SET IMPLICIT_TRANSACTIONS OFF;
SET NOCOUNT ON;
INSERT INTO [Users] ([Email], [HashKey], [Password], [Role])
VALUES (@p0, @p1, @p2, @p3);
2025-04-13 23:55:58,285 [.NET TP Worker] ERROR Microsoft.EntityFrameworkCore.Update - An exception occurred in the database while saving changes for context type 'CozyHavenStay.Contexts.CozyHavenStayContext'.
Microsoft.EntityFrameworkCore.DbUpdateException: An error occurred while saving the entity changes. See the inner exception for details.
 ---> Microsoft.Data.SqlClient.SqlException (0x80131904): Violation of PRIMARY KEY constraint 'PK_Users'. Cannot insert duplicate key in object 'dbo.Users'. The duplicate key value is (lifi123@gmail.com).
The statement has been terminated.
   at Microsoft.Data.SqlClient.SqlCommand.<>c.<ExecuteDbDataReaderAsync>b__211_0(Task`1 result)
   at System.Threading.Tasks.ContinuationResultTaskFromResultTask`2.InnerInvoke()
   at System.Threading.ExecutionContext.RunInternal(ExecutionContext executionContext, ContextCallback callback, Object state)
--- End of stack trace from previous location ---
   at System.Threading.ExecutionContext.RunInternal(ExecutionContext executionContext, ContextCallback callback, Object state)
   at System.Threading.Tasks.Task.ExecuteWithThreadLocal(Task& currentTaskSlot, Thread threadPoolThread)
--- End of stack trace from previous location ---
   at Microsoft.EntityFrameworkCore.Storage.RelationalCommand.ExecuteReaderAsync(RelationalCommandParameterObject parameterObject, CancellationToken cancellationToken)
   at Microsoft.EntityFrameworkCore.Storage.RelationalCommand.ExecuteReaderAsync(RelationalCommandParameterObject parameterObject, CancellationToken cancellationToken)
   at Microsoft.EntityFrameworkCore.Update.ReaderModificationCommandBatch.ExecuteAsync(IRelationalConnection connection, CancellationToken cancellationToken)
ClientConnectionId:70313275-6672-436a-8965-f26da1cd8283
Error Number:2627,State:1,Class:14
   --- End of inner exception stack trace ---
   at Microsoft.EntityFrameworkCore.Update.ReaderModificationCommandBatch.ExecuteAsync(IRelationalConnection connection, CancellationToken cancellationToken)
   at Microsoft.EntityFrameworkCore.SqlServer.Update.Internal.SqlServerModificationCommandBatch.ExecuteAsync(IRelationalConnection connection, CancellationToken cancellationToken)
   at Microsoft.EntityFrameworkCore.Update.Internal.BatchExecutor.ExecuteAsync(IEnumerable`1 commandBatches, IRelationalConnection connection, CancellationToken cancellationToken)
   at Microsoft.EntityFrameworkCore.Update.Internal.BatchExecutor.ExecuteAsync(IEnumerable`1 commandBatches, IRelationalConnection connection, CancellationToken cancellationToken)
   at Microsoft.EntityFrameworkCore.Update.Internal.BatchExecutor.ExecuteAsync(IEnumerable`1 commandBatches, IRelationalConnection connection, CancellationToken cancellationToken)
   at Microsoft.EntityFrameworkCore.ChangeTracking.Internal.StateManager.SaveChangesAsync(IList`1 entriesToSave, CancellationToken cancellationToken)
   at Microsoft.EntityFrameworkCore.ChangeTracking.Internal.StateManager.SaveChangesAsync(StateManager stateManager, Boolean acceptAllChangesOnSuccess, CancellationToken cancellationToken)
   at Microsoft.EntityFrameworkCore.SqlServer.Storage.Internal.SqlServerExecutionStrategy.ExecuteAsync[TState,TResult](TState state, Func`4 operation, Func`4 verifySucceeded, CancellationToken cancellationToken)
   at Microsoft.EntityFrameworkCore.DbContext.SaveChangesAsync(Boolean acceptAllChangesOnSuccess, CancellationToken cancellationToken)
Microsoft.EntityFrameworkCore.DbUpdateException: An error occurred while saving the entity changes. See the inner exception for details.
 ---> Microsoft.Data.SqlClient.SqlException (0x80131904): Violation of PRIMARY KEY constraint 'PK_Users'. Cannot insert duplicate key in object 'dbo.Users'. The duplicate key value is (lifi123@gmail.com).
The statement has been terminated.
   at Microsoft.Data.SqlClient.SqlCommand.<>c.<ExecuteDbDataReaderAsync>b__211_0(Task`1 result)
   at System.Threading.Tasks.ContinuationResultTaskFromResultTask`2.InnerInvoke()
   at System.Threading.ExecutionContext.RunInternal(ExecutionContext executionContext, ContextCallback callback, Object state)
--- End of stack trace from previous location ---
   at System.Threading.ExecutionContext.RunInternal(ExecutionContext executionContext, ContextCallback callback, Object state)
   at System.Threading.Tasks.Task.ExecuteWithThreadLocal(Task& currentTaskSlot, Thread threadPoolThread)
--- End of stack trace from previous location ---
   at Microsoft.EntityFrameworkCore.Storage.RelationalCommand.ExecuteReaderAsync(RelationalCommandParameterObject parameterObject, CancellationToken cancellationToken)
   at Microsoft.EntityFrameworkCore.Storage.RelationalCommand.ExecuteReaderAsync(RelationalCommandParameterObject parameterObject, CancellationToken cancellationToken)
   at Microsoft.EntityFrameworkCore.Update.ReaderModificationCommandBatch.ExecuteAsync(IRelationalConnection connection, CancellationToken cancellationToken)
ClientConnectionId:70313275-6672-436a-8965-f26da1cd8283
Error Number:2627,State:1,Class:14
   --- End of inner exception stack trace ---
   at Microsoft.EntityFrameworkCore.Update.ReaderModificationCommandBatch.ExecuteAsync(IRelationalConnection connection, CancellationToken cancellationToken)
   at Microsoft.EntityFrameworkCore.SqlServer.Update.Internal.SqlServerModificationCommandBatch.ExecuteAsync(IRelationalConnection connection, CancellationToken cancellationToken)
   at Microsoft.EntityFrameworkCore.Update.Internal.BatchExecutor.ExecuteAsync(IEnumerable`1 commandBatches, IRelationalConnection connection, CancellationToken cancellationToken)
   at Microsoft.EntityFrameworkCore.Update.Internal.BatchExecutor.ExecuteAsync(IEnumerable`1 commandBatches, IRelationalConnection connection, CancellationToken cancellationToken)
   at Microsoft.EntityFrameworkCore.Update.Internal.BatchExecutor.ExecuteAsync(IEnumerable`1 commandBatches, IRelationalConnection connection, CancellationToken cancellationToken)
   at Microsoft.EntityFrameworkCore.ChangeTracking.Internal.StateManager.SaveChangesAsync(IList`1 entriesToSave, CancellationToken cancellationToken)
   at Microsoft.EntityFrameworkCore.ChangeTracking.Internal.StateManager.SaveChangesAsync(StateManager stateManager, Boolean acceptAllChangesOnSuccess, CancellationToken cancellationToken)
   at Microsoft.EntityFrameworkCore.SqlServer.Storage.Internal.SqlServerExecutionStrategy.ExecuteAsync[TState,TResult](TState state, Func`4 operation, Func`4 verifySucceeded, CancellationToken cancellationToken)
   at Microsoft.EntityFrameworkCore.DbContext.SaveChangesAsync(Boolean acceptAllChangesOnSuccess, CancellationToken cancellationToken)
2025-04-13 23:55:59,057 [.NET TP Worker] ERROR Microsoft.AspNetCore.Diagnostics.DeveloperExceptionPageMiddleware - An unhandled exception has occurred while executing the request.
Microsoft.EntityFrameworkCore.DbUpdateException: An error occurred while saving the entity changes. See the inner exception for details.
 ---> Microsoft.Data.SqlClient.SqlException (0x80131904): Violation of PRIMARY KEY constraint 'PK_Users'. Cannot insert duplicate key in object 'dbo.Users'. The duplicate key value is (lifi123@gmail.com).
The statement has been terminated.
   at Microsoft.Data.SqlClient.SqlCommand.<>c.<ExecuteDbDataReaderAsync>b__211_0(Task`1 result)
   at System.Threading.Tasks.ContinuationResultTaskFromResultTask`2.InnerInvoke()
   at System.Threading.ExecutionContext.RunInternal(ExecutionContext executionContext, ContextCallback callback, Object state)
--- End of stack trace from previous location ---
   at System.Threading.ExecutionContext.RunInternal(ExecutionContext executionContext, ContextCallback callback, Object state)
   at System.Threading.Tasks.Task.ExecuteWithThreadLocal(Task& currentTaskSlot, Thread threadPoolThread)
--- End of stack trace from previous location ---
   at Microsoft.EntityFrameworkCore.Storage.RelationalCommand.ExecuteReaderAsync(RelationalCommandParameterObject parameterObject, CancellationToken cancellationToken)
   at Microsoft.EntityFrameworkCore.Storage.RelationalCommand.ExecuteReaderAsync(RelationalCommandParameterObject parameterObject, CancellationToken cancellationToken)
   at Microsoft.EntityFrameworkCore.Update.ReaderModificationCommandBatch.ExecuteAsync(IRelationalConnection connection, CancellationToken cancellationToken)
ClientConnectionId:70313275-6672-436a-8965-f26da1cd8283
Error Number:2627,State:1,Class:14
   --- End of inner exception stack trace ---
   at Microsoft.EntityFrameworkCore.Update.ReaderModificationCommandBatch.ExecuteAsync(IRelationalConnection connection, CancellationToken cancellationToken)
   at Microsoft.EntityFrameworkCore.SqlServer.Update.Internal.SqlServerModificationCommandBatch.ExecuteAsync(IRelationalConnection connection, CancellationToken cancellationToken)
   at Microsoft.EntityFrameworkCore.Update.Internal.BatchExecutor.ExecuteAsync(IEnumerable`1 commandBatches, IRelationalConnection connection, CancellationToken cancellationToken)
   at Microsoft.EntityFrameworkCore.Update.Internal.BatchExecutor.ExecuteAsync(IEnumerable`1 commandBatches, IRelationalConnection connection, CancellationToken cancellationToken)
   at Microsoft.EntityFrameworkCore.Update.Internal.BatchExecutor.ExecuteAsync(IEnumerable`1 commandBatches, IRelationalConnection connection, CancellationToken cancellationToken)
   at Microsoft.EntityFrameworkCore.ChangeTracking.Internal.StateManager.SaveChangesAsync(IList`1 entriesToSave, CancellationToken cancellationToken)
   at Microsoft.EntityFrameworkCore.ChangeTracking.Internal.StateManager.SaveChangesAsync(StateManager stateManager, Boolean acceptAllChangesOnSuccess, CancellationToken cancellationToken)
   at Microsoft.EntityFrameworkCore.SqlServer.Storage.Internal.SqlServerExecutionStrategy.ExecuteAsync[TState,TResult](TState state, Func`4 operation, Func`4 verifySucceeded, CancellationToken cancellationToken)
   at Microsoft.EntityFrameworkCore.DbContext.SaveChangesAsync(Boolean acceptAllChangesOnSuccess, CancellationToken cancellationToken)
   at Microsoft.EntityFrameworkCore.DbContext.SaveChangesAsync(Boolean acceptAllChangesOnSuccess, CancellationToken cancellationToken)
   at CozyHavenStay.Repositories.Repository`2.Add(T entity) in C:\Users\sivab\source\repos\CozyHavenStay\CozyHavenStay\Repositories\Repository.cs:line 19
   at CozyHavenStay.Services.HotelManagerService.CreateHotelManager(CreateHotelManagerRequest request) in C:\Users\sivab\source\repos\CozyHavenStay\CozyHavenStay\Services\HotelManagerService.cs:line 33
   at CozyHavenStay.Controllers.HotelManagerController.Create(CreateHotelManagerRequest request) in C:\Users\sivab\source\repos\CozyHavenStay\CozyHavenStay\Controllers\HotelManagerController.cs:line 24
   at lambda_method90(Closure, Object)
   at Microsoft.AspNetCore.Mvc.Infrastructure.ActionMethodExecutor.AwaitableObjectResultExecutor.Execute(ActionContext actionContext, IActionResultTypeMapper mapper, ObjectMethodExecutor executor, Object controller, Object[] arguments)
   at Microsoft.AspNetCore.Mvc.Infrastructure.ControllerActionInvoker.<InvokeActionMethodAsync>g__Awaited|12_0(ControllerActionInvoker invoker, ValueTask`1 actionResultValueTask)
   at Microsoft.AspNetCore.Mvc.Infrastructure.ControllerActionInvoker.<InvokeNextActionFilterAsync>g__Awaited|10_0(ControllerActionInvoker invoker, Task lastTask, State next, Scope scope, Object state, Boolean isCompleted)
   at Microsoft.AspNetCore.Mvc.Infrastructure.ControllerActionInvoker.Rethrow(ActionExecutedContextSealed context)
   at Microsoft.AspNetCore.Mvc.Infrastructure.ControllerActionInvoker.Next(State& next, Scope& scope, Object& state, Boolean& isCompleted)
   at Microsoft.AspNetCore.Mvc.Infrastructure.ControllerActionInvoker.<InvokeInnerFilterAsync>g__Awaited|13_0(ControllerActionInvoker invoker, Task lastTask, State next, Scope scope, Object state, Boolean isCompleted)
   at Microsoft.AspNetCore.Mvc.Infrastructure.ResourceInvoker.<InvokeFilterPipelineAsync>g__Awaited|20_0(ResourceInvoker invoker, Task lastTask, State next, Scope scope, Object state, Boolean isCompleted)
   at Microsoft.AspNetCore.Mvc.Infrastructure.ResourceInvoker.<InvokeAsync>g__Awaited|17_0(ResourceInvoker invoker, Task task, IDisposable scope)
   at Microsoft.AspNetCore.Mvc.Infrastructure.ResourceInvoker.<InvokeAsync>g__Awaited|17_0(ResourceInvoker invoker, Task task, IDisposable scope)
   at Microsoft.AspNetCore.Authorization.AuthorizationMiddleware.Invoke(HttpContext context)
   at Microsoft.AspNetCore.Authentication.AuthenticationMiddleware.Invoke(HttpContext context)
   at Swashbuckle.AspNetCore.SwaggerUI.SwaggerUIMiddleware.Invoke(HttpContext httpContext)
   at Swashbuckle.AspNetCore.Swagger.SwaggerMiddleware.Invoke(HttpContext httpContext, ISwaggerProvider swaggerProvider)
   at Microsoft.AspNetCore.Diagnostics.DeveloperExceptionPageMiddlewareImpl.Invoke(HttpContext context)
2025-04-13 23:59:46,740 [.NET TP Worker] INFO Microsoft.EntityFrameworkCore.Database.Command - Executed DbCommand (172ms) [Parameters=[@__id_0='?' (Size = 450)], CommandType='Text', CommandTimeout='30']
SELECT TOP(2) [u].[Email], [u].[HashKey], [u].[Password], [u].[Role]
FROM [Users] AS [u]
WHERE [u].[Email] = @__id_0
2025-04-13 23:59:47,172 [.NET TP Worker] INFO Microsoft.EntityFrameworkCore.Database.Command - Executed DbCommand (29ms) [Parameters=[], CommandType='Text', CommandTimeout='30']
SELECT [h].[Id], [h].[Email], [h].[Name], [h].[Password], [h].[Phone], [h0].[HotelId], [h0].[Amenities], [h0].[ContactNumber], [h0].[Description], [h0].[Email], [h0].[HotelManagerId], [h0].[HotelName], [h0].[Location], [h0].[StarRating]
FROM [HotelManagers] AS [h]
LEFT JOIN [Hotels] AS [h0] ON [h].[Id] = [h0].[HotelManagerId]
2025-04-14 00:00:37,539 [.NET TP Worker] INFO Microsoft.EntityFrameworkCore.Database.Command - Executed DbCommand (126ms) [Parameters=[@p0='?' (Size = 450), @p1='?' (Size = 8000) (DbType = Binary), @p2='?' (Size = 8000) (DbType = Binary), @p3='?' (Size = 4000)], CommandType='Text', CommandTimeout='30']
SET IMPLICIT_TRANSACTIONS OFF;
SET NOCOUNT ON;
INSERT INTO [Users] ([Email], [HashKey], [Password], [Role])
VALUES (@p0, @p1, @p2, @p3);
2025-04-14 00:00:37,884 [.NET TP Worker] INFO Microsoft.EntityFrameworkCore.Database.Command - Executed DbCommand (214ms) [Parameters=[@p0='?' (Size = 450), @p1='?' (Size = 4000), @p2='?' (Size = 4000), @p3='?' (Size = 4000)], CommandType='Text', CommandTimeout='30']
SET IMPLICIT_TRANSACTIONS OFF;
SET NOCOUNT ON;
INSERT INTO [HotelManagers] ([Email], [Name], [Password], [Phone])
OUTPUT INSERTED.[Id]
VALUES (@p0, @p1, @p2, @p3);
2025-04-14 00:00:37,932 [.NET TP Worker] ERROR Microsoft.EntityFrameworkCore.Update - An exception occurred in the database while saving changes for context type 'CozyHavenStay.Contexts.CozyHavenStayContext'.
Microsoft.EntityFrameworkCore.DbUpdateException: An error occurred while saving the entity changes. See the inner exception for details.
 ---> Microsoft.Data.SqlClient.SqlException (0x80131904): Cannot insert the value NULL into column 'Password', table 'CozyHavenStay.dbo.HotelManagers'; column does not allow nulls. INSERT fails.
   at Microsoft.Data.SqlClient.SqlConnection.OnError(SqlException exception, Boolean breakConnection, Action`1 wrapCloseInAction)
   at Microsoft.Data.SqlClient.SqlInternalConnection.OnError(SqlException exception, Boolean breakConnection, Action`1 wrapCloseInAction)
   at Microsoft.Data.SqlClient.TdsParser.ThrowExceptionAndWarning(TdsParserStateObject stateObj, Boolean callerHasConnectionLock, Boolean asyncClose)
   at Microsoft.Data.SqlClient.TdsParser.TryRun(RunBehavior runBehavior, SqlCommand cmdHandler, SqlDataReader dataStream, BulkCopySimpleResultSet bulkCopyHandler, TdsParserStateObject stateObj, Boolean& dataReady)
   at Microsoft.Data.SqlClient.SqlDataReader.TryHasMoreRows(Boolean& moreRows)
   at Microsoft.Data.SqlClient.SqlDataReader.TryReadInternal(Boolean setTimeout, Boolean& more)
   at Microsoft.Data.SqlClient.SqlDataReader.ReadAsyncExecute(Task task, Object state)
   at Microsoft.Data.SqlClient.SqlDataReader.InvokeAsyncCall[T](SqlDataReaderBaseAsyncCallContext`1 context)
--- End of stack trace from previous location ---
   at Microsoft.EntityFrameworkCore.Update.AffectedCountModificationCommandBatch.ConsumeResultSetAsync(Int32 startCommandIndex, RelationalDataReader reader, CancellationToken cancellationToken)
ClientConnectionId:70313275-6672-436a-8965-f26da1cd8283
Error Number:515,State:2,Class:16
   --- End of inner exception stack trace ---
   at Microsoft.EntityFrameworkCore.Update.AffectedCountModificationCommandBatch.ConsumeResultSetAsync(Int32 startCommandIndex, RelationalDataReader reader, CancellationToken cancellationToken)
   at Microsoft.EntityFrameworkCore.Update.AffectedCountModificationCommandBatch.ConsumeAsync(RelationalDataReader reader, CancellationToken cancellationToken)
   at Microsoft.EntityFrameworkCore.Update.ReaderModificationCommandBatch.ExecuteAsync(IRelationalConnection connection, CancellationToken cancellationToken)
   at Microsoft.EntityFrameworkCore.Update.ReaderModificationCommandBatch.ExecuteAsync(IRelationalConnection connection, CancellationToken cancellationToken)
   at Microsoft.EntityFrameworkCore.SqlServer.Update.Internal.SqlServerModificationCommandBatch.ExecuteAsync(IRelationalConnection connection, CancellationToken cancellationToken)
   at Microsoft.EntityFrameworkCore.Update.Internal.BatchExecutor.ExecuteAsync(IEnumerable`1 commandBatches, IRelationalConnection connection, CancellationToken cancellationToken)
   at Microsoft.EntityFrameworkCore.Update.Internal.BatchExecutor.ExecuteAsync(IEnumerable`1 commandBatches, IRelationalConnection connection, CancellationToken cancellationToken)
   at Microsoft.EntityFrameworkCore.Update.Internal.BatchExecutor.ExecuteAsync(IEnumerable`1 commandBatches, IRelationalConnection connection, CancellationToken cancellationToken)
   at Microsoft.EntityFrameworkCore.ChangeTracking.Internal.StateManager.SaveChangesAsync(IList`1 entriesToSave, CancellationToken cancellationToken)
   at Microsoft.EntityFrameworkCore.ChangeTracking.Internal.StateManager.SaveChangesAsync(StateManager stateManager, Boolean acceptAllChangesOnSuccess, CancellationToken cancellationToken)
   at Microsoft.EntityFrameworkCore.SqlServer.Storage.Internal.SqlServerExecutionStrategy.ExecuteAsync[TState,TResult](TState state, Func`4 operation, Func`4 verifySucceeded, CancellationToken cancellationToken)
   at Microsoft.EntityFrameworkCore.DbContext.SaveChangesAsync(Boolean acceptAllChangesOnSuccess, CancellationToken cancellationToken)
Microsoft.EntityFrameworkCore.DbUpdateException: An error occurred while saving the entity changes. See the inner exception for details.
 ---> Microsoft.Data.SqlClient.SqlException (0x80131904): Cannot insert the value NULL into column 'Password', table 'CozyHavenStay.dbo.HotelManagers'; column does not allow nulls. INSERT fails.
   at Microsoft.Data.SqlClient.SqlConnection.OnError(SqlException exception, Boolean breakConnection, Action`1 wrapCloseInAction)
   at Microsoft.Data.SqlClient.SqlInternalConnection.OnError(SqlException exception, Boolean breakConnection, Action`1 wrapCloseInAction)
   at Microsoft.Data.SqlClient.TdsParser.ThrowExceptionAndWarning(TdsParserStateObject stateObj, Boolean callerHasConnectionLock, Boolean asyncClose)
   at Microsoft.Data.SqlClient.TdsParser.TryRun(RunBehavior runBehavior, SqlCommand cmdHandler, SqlDataReader dataStream, BulkCopySimpleResultSet bulkCopyHandler, TdsParserStateObject stateObj, Boolean& dataReady)
   at Microsoft.Data.SqlClient.SqlDataReader.TryHasMoreRows(Boolean& moreRows)
   at Microsoft.Data.SqlClient.SqlDataReader.TryReadInternal(Boolean setTimeout, Boolean& more)
   at Microsoft.Data.SqlClient.SqlDataReader.ReadAsyncExecute(Task task, Object state)
   at Microsoft.Data.SqlClient.SqlDataReader.InvokeAsyncCall[T](SqlDataReaderBaseAsyncCallContext`1 context)
--- End of stack trace from previous location ---
   at Microsoft.EntityFrameworkCore.Update.AffectedCountModificationCommandBatch.ConsumeResultSetAsync(Int32 startCommandIndex, RelationalDataReader reader, CancellationToken cancellationToken)
ClientConnectionId:70313275-6672-436a-8965-f26da1cd8283
Error Number:515,State:2,Class:16
   --- End of inner exception stack trace ---
   at Microsoft.EntityFrameworkCore.Update.AffectedCountModificationCommandBatch.ConsumeResultSetAsync(Int32 startCommandIndex, RelationalDataReader reader, CancellationToken cancellationToken)
   at Microsoft.EntityFrameworkCore.Update.AffectedCountModificationCommandBatch.ConsumeAsync(RelationalDataReader reader, CancellationToken cancellationToken)
   at Microsoft.EntityFrameworkCore.Update.ReaderModificationCommandBatch.ExecuteAsync(IRelationalConnection connection, CancellationToken cancellationToken)
   at Microsoft.EntityFrameworkCore.Update.ReaderModificationCommandBatch.ExecuteAsync(IRelationalConnection connection, CancellationToken cancellationToken)
   at Microsoft.EntityFrameworkCore.SqlServer.Update.Internal.SqlServerModificationCommandBatch.ExecuteAsync(IRelationalConnection connection, CancellationToken cancellationToken)
   at Microsoft.EntityFrameworkCore.Update.Internal.BatchExecutor.ExecuteAsync(IEnumerable`1 commandBatches, IRelationalConnection connection, CancellationToken cancellationToken)
   at Microsoft.EntityFrameworkCore.Update.Internal.BatchExecutor.ExecuteAsync(IEnumerable`1 commandBatches, IRelationalConnection connection, CancellationToken cancellationToken)
   at Microsoft.EntityFrameworkCore.Update.Internal.BatchExecutor.ExecuteAsync(IEnumerable`1 commandBatches, IRelationalConnection connection, CancellationToken cancellationToken)
   at Microsoft.EntityFrameworkCore.ChangeTracking.Internal.StateManager.SaveChangesAsync(IList`1 entriesToSave, CancellationToken cancellationToken)
   at Microsoft.EntityFrameworkCore.ChangeTracking.Internal.StateManager.SaveChangesAsync(StateManager stateManager, Boolean acceptAllChangesOnSuccess, CancellationToken cancellationToken)
   at Microsoft.EntityFrameworkCore.SqlServer.Storage.Internal.SqlServerExecutionStrategy.ExecuteAsync[TState,TResult](TState state, Func`4 operation, Func`4 verifySucceeded, CancellationToken cancellationToken)
   at Microsoft.EntityFrameworkCore.DbContext.SaveChangesAsync(Boolean acceptAllChangesOnSuccess, CancellationToken cancellationToken)
2025-04-14 00:00:38,647 [.NET TP Worker] ERROR Microsoft.AspNetCore.Diagnostics.DeveloperExceptionPageMiddleware - An unhandled exception has occurred while executing the request.
Microsoft.EntityFrameworkCore.DbUpdateException: An error occurred while saving the entity changes. See the inner exception for details.
 ---> Microsoft.Data.SqlClient.SqlException (0x80131904): Cannot insert the value NULL into column 'Password', table 'CozyHavenStay.dbo.HotelManagers'; column does not allow nulls. INSERT fails.
   at Microsoft.Data.SqlClient.SqlConnection.OnError(SqlException exception, Boolean breakConnection, Action`1 wrapCloseInAction)
   at Microsoft.Data.SqlClient.SqlInternalConnection.OnError(SqlException exception, Boolean breakConnection, Action`1 wrapCloseInAction)
   at Microsoft.Data.SqlClient.TdsParser.ThrowExceptionAndWarning(TdsParserStateObject stateObj, Boolean callerHasConnectionLock, Boolean asyncClose)
   at Microsoft.Data.SqlClient.TdsParser.TryRun(RunBehavior runBehavior, SqlCommand cmdHandler, SqlDataReader dataStream, BulkCopySimpleResultSet bulkCopyHandler, TdsParserStateObject stateObj, Boolean& dataReady)
   at Microsoft.Data.SqlClient.SqlDataReader.TryHasMoreRows(Boolean& moreRows)
   at Microsoft.Data.SqlClient.SqlDataReader.TryReadInternal(Boolean setTimeout, Boolean& more)
   at Microsoft.Data.SqlClient.SqlDataReader.ReadAsyncExecute(Task task, Object state)
   at Microsoft.Data.SqlClient.SqlDataReader.InvokeAsyncCall[T](SqlDataReaderBaseAsyncCallContext`1 context)
--- End of stack trace from previous location ---
   at Microsoft.EntityFrameworkCore.Update.AffectedCountModificationCommandBatch.ConsumeResultSetAsync(Int32 startCommandIndex, RelationalDataReader reader, CancellationToken cancellationToken)
ClientConnectionId:70313275-6672-436a-8965-f26da1cd8283
Error Number:515,State:2,Class:16
   --- End of inner exception stack trace ---
   at Microsoft.EntityFrameworkCore.Update.AffectedCountModificationCommandBatch.ConsumeResultSetAsync(Int32 startCommandIndex, RelationalDataReader reader, CancellationToken cancellationToken)
   at Microsoft.EntityFrameworkCore.Update.AffectedCountModificationCommandBatch.ConsumeAsync(RelationalDataReader reader, CancellationToken cancellationToken)
   at Microsoft.EntityFrameworkCore.Update.ReaderModificationCommandBatch.ExecuteAsync(IRelationalConnection connection, CancellationToken cancellationToken)
   at Microsoft.EntityFrameworkCore.Update.ReaderModificationCommandBatch.ExecuteAsync(IRelationalConnection connection, CancellationToken cancellationToken)
   at Microsoft.EntityFrameworkCore.SqlServer.Update.Internal.SqlServerModificationCommandBatch.ExecuteAsync(IRelationalConnection connection, CancellationToken cancellationToken)
   at Microsoft.EntityFrameworkCore.Update.Internal.BatchExecutor.ExecuteAsync(IEnumerable`1 commandBatches, IRelationalConnection connection, CancellationToken cancellationToken)
   at Microsoft.EntityFrameworkCore.Update.Internal.BatchExecutor.ExecuteAsync(IEnumerable`1 commandBatches, IRelationalConnection connection, CancellationToken cancellationToken)
   at Microsoft.EntityFrameworkCore.Update.Internal.BatchExecutor.ExecuteAsync(IEnumerable`1 commandBatches, IRelationalConnection connection, CancellationToken cancellationToken)
   at Microsoft.EntityFrameworkCore.ChangeTracking.Internal.StateManager.SaveChangesAsync(IList`1 entriesToSave, CancellationToken cancellationToken)
   at Microsoft.EntityFrameworkCore.ChangeTracking.Internal.StateManager.SaveChangesAsync(StateManager stateManager, Boolean acceptAllChangesOnSuccess, CancellationToken cancellationToken)
   at Microsoft.EntityFrameworkCore.SqlServer.Storage.Internal.SqlServerExecutionStrategy.ExecuteAsync[TState,TResult](TState state, Func`4 operation, Func`4 verifySucceeded, CancellationToken cancellationToken)
   at Microsoft.EntityFrameworkCore.DbContext.SaveChangesAsync(Boolean acceptAllChangesOnSuccess, CancellationToken cancellationToken)
   at Microsoft.EntityFrameworkCore.DbContext.SaveChangesAsync(Boolean acceptAllChangesOnSuccess, CancellationToken cancellationToken)
   at CozyHavenStay.Repositories.Repository`2.Add(T entity) in C:\Users\sivab\source\repos\CozyHavenStay\CozyHavenStay\Repositories\Repository.cs:line 19
   at CozyHavenStay.Services.HotelManagerService.CreateHotelManager(CreateHotelManagerRequest request) in C:\Users\sivab\source\repos\CozyHavenStay\CozyHavenStay\Services\HotelManagerService.cs:line 45
   at CozyHavenStay.Controllers.HotelManagerController.Create(CreateHotelManagerRequest request) in C:\Users\sivab\source\repos\CozyHavenStay\CozyHavenStay\Controllers\HotelManagerController.cs:line 24
   at lambda_method90(Closure, Object)
   at Microsoft.AspNetCore.Mvc.Infrastructure.ActionMethodExecutor.AwaitableObjectResultExecutor.Execute(ActionContext actionContext, IActionResultTypeMapper mapper, ObjectMethodExecutor executor, Object controller, Object[] arguments)
   at Microsoft.AspNetCore.Mvc.Infrastructure.ControllerActionInvoker.<InvokeActionMethodAsync>g__Awaited|12_0(ControllerActionInvoker invoker, ValueTask`1 actionResultValueTask)
   at Microsoft.AspNetCore.Mvc.Infrastructure.ControllerActionInvoker.<InvokeNextActionFilterAsync>g__Awaited|10_0(ControllerActionInvoker invoker, Task lastTask, State next, Scope scope, Object state, Boolean isCompleted)
   at Microsoft.AspNetCore.Mvc.Infrastructure.ControllerActionInvoker.Rethrow(ActionExecutedContextSealed context)
   at Microsoft.AspNetCore.Mvc.Infrastructure.ControllerActionInvoker.Next(State& next, Scope& scope, Object& state, Boolean& isCompleted)
   at Microsoft.AspNetCore.Mvc.Infrastructure.ControllerActionInvoker.<InvokeInnerFilterAsync>g__Awaited|13_0(ControllerActionInvoker invoker, Task lastTask, State next, Scope scope, Object state, Boolean isCompleted)
   at Microsoft.AspNetCore.Mvc.Infrastructure.ResourceInvoker.<InvokeFilterPipelineAsync>g__Awaited|20_0(ResourceInvoker invoker, Task lastTask, State next, Scope scope, Object state, Boolean isCompleted)
   at Microsoft.AspNetCore.Mvc.Infrastructure.ResourceInvoker.<InvokeAsync>g__Awaited|17_0(ResourceInvoker invoker, Task task, IDisposable scope)
   at Microsoft.AspNetCore.Mvc.Infrastructure.ResourceInvoker.<InvokeAsync>g__Awaited|17_0(ResourceInvoker invoker, Task task, IDisposable scope)
   at Microsoft.AspNetCore.Authorization.AuthorizationMiddleware.Invoke(HttpContext context)
   at Microsoft.AspNetCore.Authentication.AuthenticationMiddleware.Invoke(HttpContext context)
   at Swashbuckle.AspNetCore.SwaggerUI.SwaggerUIMiddleware.Invoke(HttpContext httpContext)
   at Swashbuckle.AspNetCore.Swagger.SwaggerMiddleware.Invoke(HttpContext httpContext, ISwaggerProvider swaggerProvider)
   at Microsoft.AspNetCore.Diagnostics.DeveloperExceptionPageMiddlewareImpl.Invoke(HttpContext context)
2025-04-14 00:01:29,206 [.NET TP Worker] INFO Microsoft.EntityFrameworkCore.Database.Command - Executed DbCommand (6ms) [Parameters=[@__id_0='?' (Size = 450)], CommandType='Text', CommandTimeout='30']
SELECT TOP(2) [u].[Email], [u].[HashKey], [u].[Password], [u].[Role]
FROM [Users] AS [u]
WHERE [u].[Email] = @__id_0
2025-04-14 00:01:29,215 [.NET TP Worker] INFO Microsoft.EntityFrameworkCore.Database.Command - Executed DbCommand (4ms) [Parameters=[], CommandType='Text', CommandTimeout='30']
SELECT [h].[Id], [h].[Email], [h].[Name], [h].[Password], [h].[Phone], [h0].[HotelId], [h0].[Amenities], [h0].[ContactNumber], [h0].[Description], [h0].[Email], [h0].[HotelManagerId], [h0].[HotelName], [h0].[Location], [h0].[StarRating]
FROM [HotelManagers] AS [h]
LEFT JOIN [Hotels] AS [h0] ON [h].[Id] = [h0].[HotelManagerId]
2025-04-14 00:01:53,400 [.NET TP Worker] INFO Microsoft.EntityFrameworkCore.Database.Command - Executed DbCommand (5ms) [Parameters=[@__id_0='?' (Size = 450)], CommandType='Text', CommandTimeout='30']
SELECT TOP(2) [u].[Email], [u].[HashKey], [u].[Password], [u].[Role]
FROM [Users] AS [u]
WHERE [u].[Email] = @__id_0
2025-04-14 00:01:53,449 [.NET TP Worker] INFO Microsoft.EntityFrameworkCore.Database.Command - Executed DbCommand (43ms) [Parameters=[], CommandType='Text', CommandTimeout='30']
SELECT [a].[Id], [a].[Email], [a].[Name]
FROM [Admins] AS [a]
2025-04-14 00:03:39,543 [.NET TP Worker] INFO Microsoft.EntityFrameworkCore.Database.Command - Executed DbCommand (116ms) [Parameters=[@p0='?' (Size = 4000), @p1='?' (Size = 4000), @p2='?' (Size = 4000), @p3='?' (Size = 4000), @p4='?' (DbType = Int32), @p5='?' (Size = 4000), @p6='?' (Size = 4000), @p7='?' (DbType = Int32)], CommandType='Text', CommandTimeout='30']
SET IMPLICIT_TRANSACTIONS OFF;
SET NOCOUNT ON;
INSERT INTO [Hotels] ([Amenities], [ContactNumber], [Description], [Email], [HotelManagerId], [HotelName], [Location], [StarRating])
OUTPUT INSERTED.[HotelId]
VALUES (@p0, @p1, @p2, @p3, @p4, @p5, @p6, @p7);
2025-04-14 00:03:39,570 [.NET TP Worker] ERROR Microsoft.EntityFrameworkCore.Update - An exception occurred in the database while saving changes for context type 'CozyHavenStay.Contexts.CozyHavenStayContext'.
Microsoft.EntityFrameworkCore.DbUpdateException: An error occurred while saving the entity changes. See the inner exception for details.
 ---> Microsoft.Data.SqlClient.SqlException (0x80131904): The INSERT statement conflicted with the FOREIGN KEY constraint "FK_Hotels_HotelManagers_HotelManagerId". The conflict occurred in database "CozyHavenStay", table "dbo.HotelManagers", column 'Id'.
   at Microsoft.Data.SqlClient.SqlConnection.OnError(SqlException exception, Boolean breakConnection, Action`1 wrapCloseInAction)
   at Microsoft.Data.SqlClient.SqlInternalConnection.OnError(SqlException exception, Boolean breakConnection, Action`1 wrapCloseInAction)
   at Microsoft.Data.SqlClient.TdsParser.ThrowExceptionAndWarning(TdsParserStateObject stateObj, Boolean callerHasConnectionLock, Boolean asyncClose)
   at Microsoft.Data.SqlClient.TdsParser.TryRun(RunBehavior runBehavior, SqlCommand cmdHandler, SqlDataReader dataStream, BulkCopySimpleResultSet bulkCopyHandler, TdsParserStateObject stateObj, Boolean& dataReady)
   at Microsoft.Data.SqlClient.SqlDataReader.TryHasMoreRows(Boolean& moreRows)
   at Microsoft.Data.SqlClient.SqlDataReader.TryReadInternal(Boolean setTimeout, Boolean& more)
   at Microsoft.Data.SqlClient.SqlDataReader.ReadAsyncExecute(Task task, Object state)
   at Microsoft.Data.SqlClient.SqlDataReader.InvokeAsyncCall[T](SqlDataReaderBaseAsyncCallContext`1 context)
--- End of stack trace from previous location ---
   at Microsoft.EntityFrameworkCore.Update.AffectedCountModificationCommandBatch.ConsumeResultSetAsync(Int32 startCommandIndex, RelationalDataReader reader, CancellationToken cancellationToken)
ClientConnectionId:70313275-6672-436a-8965-f26da1cd8283
Error Number:547,State:0,Class:16
   --- End of inner exception stack trace ---
   at Microsoft.EntityFrameworkCore.Update.AffectedCountModificationCommandBatch.ConsumeResultSetAsync(Int32 startCommandIndex, RelationalDataReader reader, CancellationToken cancellationToken)
   at Microsoft.EntityFrameworkCore.Update.AffectedCountModificationCommandBatch.ConsumeAsync(RelationalDataReader reader, CancellationToken cancellationToken)
   at Microsoft.EntityFrameworkCore.Update.ReaderModificationCommandBatch.ExecuteAsync(IRelationalConnection connection, CancellationToken cancellationToken)
   at Microsoft.EntityFrameworkCore.Update.ReaderModificationCommandBatch.ExecuteAsync(IRelationalConnection connection, CancellationToken cancellationToken)
   at Microsoft.EntityFrameworkCore.SqlServer.Update.Internal.SqlServerModificationCommandBatch.ExecuteAsync(IRelationalConnection connection, CancellationToken cancellationToken)
   at Microsoft.EntityFrameworkCore.Update.Internal.BatchExecutor.ExecuteAsync(IEnumerable`1 commandBatches, IRelationalConnection connection, CancellationToken cancellationToken)
   at Microsoft.EntityFrameworkCore.Update.Internal.BatchExecutor.ExecuteAsync(IEnumerable`1 commandBatches, IRelationalConnection connection, CancellationToken cancellationToken)
   at Microsoft.EntityFrameworkCore.Update.Internal.BatchExecutor.ExecuteAsync(IEnumerable`1 commandBatches, IRelationalConnection connection, CancellationToken cancellationToken)
   at Microsoft.EntityFrameworkCore.ChangeTracking.Internal.StateManager.SaveChangesAsync(IList`1 entriesToSave, CancellationToken cancellationToken)
   at Microsoft.EntityFrameworkCore.ChangeTracking.Internal.StateManager.SaveChangesAsync(StateManager stateManager, Boolean acceptAllChangesOnSuccess, CancellationToken cancellationToken)
   at Microsoft.EntityFrameworkCore.SqlServer.Storage.Internal.SqlServerExecutionStrategy.ExecuteAsync[TState,TResult](TState state, Func`4 operation, Func`4 verifySucceeded, CancellationToken cancellationToken)
   at Microsoft.EntityFrameworkCore.DbContext.SaveChangesAsync(Boolean acceptAllChangesOnSuccess, CancellationToken cancellationToken)
Microsoft.EntityFrameworkCore.DbUpdateException: An error occurred while saving the entity changes. See the inner exception for details.
 ---> Microsoft.Data.SqlClient.SqlException (0x80131904): The INSERT statement conflicted with the FOREIGN KEY constraint "FK_Hotels_HotelManagers_HotelManagerId". The conflict occurred in database "CozyHavenStay", table "dbo.HotelManagers", column 'Id'.
   at Microsoft.Data.SqlClient.SqlConnection.OnError(SqlException exception, Boolean breakConnection, Action`1 wrapCloseInAction)
   at Microsoft.Data.SqlClient.SqlInternalConnection.OnError(SqlException exception, Boolean breakConnection, Action`1 wrapCloseInAction)
   at Microsoft.Data.SqlClient.TdsParser.ThrowExceptionAndWarning(TdsParserStateObject stateObj, Boolean callerHasConnectionLock, Boolean asyncClose)
   at Microsoft.Data.SqlClient.TdsParser.TryRun(RunBehavior runBehavior, SqlCommand cmdHandler, SqlDataReader dataStream, BulkCopySimpleResultSet bulkCopyHandler, TdsParserStateObject stateObj, Boolean& dataReady)
   at Microsoft.Data.SqlClient.SqlDataReader.TryHasMoreRows(Boolean& moreRows)
   at Microsoft.Data.SqlClient.SqlDataReader.TryReadInternal(Boolean setTimeout, Boolean& more)
   at Microsoft.Data.SqlClient.SqlDataReader.ReadAsyncExecute(Task task, Object state)
   at Microsoft.Data.SqlClient.SqlDataReader.InvokeAsyncCall[T](SqlDataReaderBaseAsyncCallContext`1 context)
--- End of stack trace from previous location ---
   at Microsoft.EntityFrameworkCore.Update.AffectedCountModificationCommandBatch.ConsumeResultSetAsync(Int32 startCommandIndex, RelationalDataReader reader, CancellationToken cancellationToken)
ClientConnectionId:70313275-6672-436a-8965-f26da1cd8283
Error Number:547,State:0,Class:16
   --- End of inner exception stack trace ---
   at Microsoft.EntityFrameworkCore.Update.AffectedCountModificationCommandBatch.ConsumeResultSetAsync(Int32 startCommandIndex, RelationalDataReader reader, CancellationToken cancellationToken)
   at Microsoft.EntityFrameworkCore.Update.AffectedCountModificationCommandBatch.ConsumeAsync(RelationalDataReader reader, CancellationToken cancellationToken)
   at Microsoft.EntityFrameworkCore.Update.ReaderModificationCommandBatch.ExecuteAsync(IRelationalConnection connection, CancellationToken cancellationToken)
   at Microsoft.EntityFrameworkCore.Update.ReaderModificationCommandBatch.ExecuteAsync(IRelationalConnection connection, CancellationToken cancellationToken)
   at Microsoft.EntityFrameworkCore.SqlServer.Update.Internal.SqlServerModificationCommandBatch.ExecuteAsync(IRelationalConnection connection, CancellationToken cancellationToken)
   at Microsoft.EntityFrameworkCore.Update.Internal.BatchExecutor.ExecuteAsync(IEnumerable`1 commandBatches, IRelationalConnection connection, CancellationToken cancellationToken)
   at Microsoft.EntityFrameworkCore.Update.Internal.BatchExecutor.ExecuteAsync(IEnumerable`1 commandBatches, IRelationalConnection connection, CancellationToken cancellationToken)
   at Microsoft.EntityFrameworkCore.Update.Internal.BatchExecutor.ExecuteAsync(IEnumerable`1 commandBatches, IRelationalConnection connection, CancellationToken cancellationToken)
   at Microsoft.EntityFrameworkCore.ChangeTracking.Internal.StateManager.SaveChangesAsync(IList`1 entriesToSave, CancellationToken cancellationToken)
   at Microsoft.EntityFrameworkCore.ChangeTracking.Internal.StateManager.SaveChangesAsync(StateManager stateManager, Boolean acceptAllChangesOnSuccess, CancellationToken cancellationToken)
   at Microsoft.EntityFrameworkCore.SqlServer.Storage.Internal.SqlServerExecutionStrategy.ExecuteAsync[TState,TResult](TState state, Func`4 operation, Func`4 verifySucceeded, CancellationToken cancellationToken)
   at Microsoft.EntityFrameworkCore.DbContext.SaveChangesAsync(Boolean acceptAllChangesOnSuccess, CancellationToken cancellationToken)
2025-04-14 00:10:43,148 [.NET TP Worker] INFO Microsoft.EntityFrameworkCore.Database.Command - Executed DbCommand (122ms) [Parameters=[@p0='?' (Size = 4000), @p1='?' (Size = 4000), @p2='?' (Size = 4000), @p3='?' (Size = 4000), @p4='?' (DbType = Int32), @p5='?' (Size = 4000), @p6='?' (Size = 4000), @p7='?' (DbType = Int32)], CommandType='Text', CommandTimeout='30']
SET IMPLICIT_TRANSACTIONS OFF;
SET NOCOUNT ON;
INSERT INTO [Hotels] ([Amenities], [ContactNumber], [Description], [Email], [HotelManagerId], [HotelName], [Location], [StarRating])
OUTPUT INSERTED.[HotelId]
VALUES (@p0, @p1, @p2, @p3, @p4, @p5, @p6, @p7);
2025-04-14 00:10:43,176 [.NET TP Worker] ERROR Microsoft.EntityFrameworkCore.Update - An exception occurred in the database while saving changes for context type 'CozyHavenStay.Contexts.CozyHavenStayContext'.
Microsoft.EntityFrameworkCore.DbUpdateException: An error occurred while saving the entity changes. See the inner exception for details.
 ---> Microsoft.Data.SqlClient.SqlException (0x80131904): The INSERT statement conflicted with the FOREIGN KEY constraint "FK_Hotels_HotelManagers_HotelManagerId". The conflict occurred in database "CozyHavenStay", table "dbo.HotelManagers", column 'Id'.
   at Microsoft.Data.SqlClient.SqlConnection.OnError(SqlException exception, Boolean breakConnection, Action`1 wrapCloseInAction)
   at Microsoft.Data.SqlClient.SqlInternalConnection.OnError(SqlException exception, Boolean breakConnection, Action`1 wrapCloseInAction)
   at Microsoft.Data.SqlClient.TdsParser.ThrowExceptionAndWarning(TdsParserStateObject stateObj, Boolean callerHasConnectionLock, Boolean asyncClose)
   at Microsoft.Data.SqlClient.TdsParser.TryRun(RunBehavior runBehavior, SqlCommand cmdHandler, SqlDataReader dataStream, BulkCopySimpleResultSet bulkCopyHandler, TdsParserStateObject stateObj, Boolean& dataReady)
   at Microsoft.Data.SqlClient.SqlDataReader.TryHasMoreRows(Boolean& moreRows)
   at Microsoft.Data.SqlClient.SqlDataReader.TryReadInternal(Boolean setTimeout, Boolean& more)
   at Microsoft.Data.SqlClient.SqlDataReader.ReadAsyncExecute(Task task, Object state)
   at Microsoft.Data.SqlClient.SqlDataReader.InvokeAsyncCall[T](SqlDataReaderBaseAsyncCallContext`1 context)
--- End of stack trace from previous location ---
   at Microsoft.EntityFrameworkCore.Update.AffectedCountModificationCommandBatch.ConsumeResultSetAsync(Int32 startCommandIndex, RelationalDataReader reader, CancellationToken cancellationToken)
ClientConnectionId:eb03f954-8987-4024-8fa9-780872963386
Error Number:547,State:0,Class:16
   --- End of inner exception stack trace ---
   at Microsoft.EntityFrameworkCore.Update.AffectedCountModificationCommandBatch.ConsumeResultSetAsync(Int32 startCommandIndex, RelationalDataReader reader, CancellationToken cancellationToken)
   at Microsoft.EntityFrameworkCore.Update.AffectedCountModificationCommandBatch.ConsumeAsync(RelationalDataReader reader, CancellationToken cancellationToken)
   at Microsoft.EntityFrameworkCore.Update.ReaderModificationCommandBatch.ExecuteAsync(IRelationalConnection connection, CancellationToken cancellationToken)
   at Microsoft.EntityFrameworkCore.Update.ReaderModificationCommandBatch.ExecuteAsync(IRelationalConnection connection, CancellationToken cancellationToken)
   at Microsoft.EntityFrameworkCore.SqlServer.Update.Internal.SqlServerModificationCommandBatch.ExecuteAsync(IRelationalConnection connection, CancellationToken cancellationToken)
   at Microsoft.EntityFrameworkCore.Update.Internal.BatchExecutor.ExecuteAsync(IEnumerable`1 commandBatches, IRelationalConnection connection, CancellationToken cancellationToken)
   at Microsoft.EntityFrameworkCore.Update.Internal.BatchExecutor.ExecuteAsync(IEnumerable`1 commandBatches, IRelationalConnection connection, CancellationToken cancellationToken)
   at Microsoft.EntityFrameworkCore.Update.Internal.BatchExecutor.ExecuteAsync(IEnumerable`1 commandBatches, IRelationalConnection connection, CancellationToken cancellationToken)
   at Microsoft.EntityFrameworkCore.ChangeTracking.Internal.StateManager.SaveChangesAsync(IList`1 entriesToSave, CancellationToken cancellationToken)
   at Microsoft.EntityFrameworkCore.ChangeTracking.Internal.StateManager.SaveChangesAsync(StateManager stateManager, Boolean acceptAllChangesOnSuccess, CancellationToken cancellationToken)
   at Microsoft.EntityFrameworkCore.SqlServer.Storage.Internal.SqlServerExecutionStrategy.ExecuteAsync[TState,TResult](TState state, Func`4 operation, Func`4 verifySucceeded, CancellationToken cancellationToken)
   at Microsoft.EntityFrameworkCore.DbContext.SaveChangesAsync(Boolean acceptAllChangesOnSuccess, CancellationToken cancellationToken)
Microsoft.EntityFrameworkCore.DbUpdateException: An error occurred while saving the entity changes. See the inner exception for details.
 ---> Microsoft.Data.SqlClient.SqlException (0x80131904): The INSERT statement conflicted with the FOREIGN KEY constraint "FK_Hotels_HotelManagers_HotelManagerId". The conflict occurred in database "CozyHavenStay", table "dbo.HotelManagers", column 'Id'.
   at Microsoft.Data.SqlClient.SqlConnection.OnError(SqlException exception, Boolean breakConnection, Action`1 wrapCloseInAction)
   at Microsoft.Data.SqlClient.SqlInternalConnection.OnError(SqlException exception, Boolean breakConnection, Action`1 wrapCloseInAction)
   at Microsoft.Data.SqlClient.TdsParser.ThrowExceptionAndWarning(TdsParserStateObject stateObj, Boolean callerHasConnectionLock, Boolean asyncClose)
   at Microsoft.Data.SqlClient.TdsParser.TryRun(RunBehavior runBehavior, SqlCommand cmdHandler, SqlDataReader dataStream, BulkCopySimpleResultSet bulkCopyHandler, TdsParserStateObject stateObj, Boolean& dataReady)
   at Microsoft.Data.SqlClient.SqlDataReader.TryHasMoreRows(Boolean& moreRows)
   at Microsoft.Data.SqlClient.SqlDataReader.TryReadInternal(Boolean setTimeout, Boolean& more)
   at Microsoft.Data.SqlClient.SqlDataReader.ReadAsyncExecute(Task task, Object state)
   at Microsoft.Data.SqlClient.SqlDataReader.InvokeAsyncCall[T](SqlDataReaderBaseAsyncCallContext`1 context)
--- End of stack trace from previous location ---
   at Microsoft.EntityFrameworkCore.Update.AffectedCountModificationCommandBatch.ConsumeResultSetAsync(Int32 startCommandIndex, RelationalDataReader reader, CancellationToken cancellationToken)
ClientConnectionId:eb03f954-8987-4024-8fa9-780872963386
Error Number:547,State:0,Class:16
   --- End of inner exception stack trace ---
   at Microsoft.EntityFrameworkCore.Update.AffectedCountModificationCommandBatch.ConsumeResultSetAsync(Int32 startCommandIndex, RelationalDataReader reader, CancellationToken cancellationToken)
   at Microsoft.EntityFrameworkCore.Update.AffectedCountModificationCommandBatch.ConsumeAsync(RelationalDataReader reader, CancellationToken cancellationToken)
   at Microsoft.EntityFrameworkCore.Update.ReaderModificationCommandBatch.ExecuteAsync(IRelationalConnection connection, CancellationToken cancellationToken)
   at Microsoft.EntityFrameworkCore.Update.ReaderModificationCommandBatch.ExecuteAsync(IRelationalConnection connection, CancellationToken cancellationToken)
   at Microsoft.EntityFrameworkCore.SqlServer.Update.Internal.SqlServerModificationCommandBatch.ExecuteAsync(IRelationalConnection connection, CancellationToken cancellationToken)
   at Microsoft.EntityFrameworkCore.Update.Internal.BatchExecutor.ExecuteAsync(IEnumerable`1 commandBatches, IRelationalConnection connection, CancellationToken cancellationToken)
   at Microsoft.EntityFrameworkCore.Update.Internal.BatchExecutor.ExecuteAsync(IEnumerable`1 commandBatches, IRelationalConnection connection, CancellationToken cancellationToken)
   at Microsoft.EntityFrameworkCore.Update.Internal.BatchExecutor.ExecuteAsync(IEnumerable`1 commandBatches, IRelationalConnection connection, CancellationToken cancellationToken)
   at Microsoft.EntityFrameworkCore.ChangeTracking.Internal.StateManager.SaveChangesAsync(IList`1 entriesToSave, CancellationToken cancellationToken)
   at Microsoft.EntityFrameworkCore.ChangeTracking.Internal.StateManager.SaveChangesAsync(StateManager stateManager, Boolean acceptAllChangesOnSuccess, CancellationToken cancellationToken)
   at Microsoft.EntityFrameworkCore.SqlServer.Storage.Internal.SqlServerExecutionStrategy.ExecuteAsync[TState,TResult](TState state, Func`4 operation, Func`4 verifySucceeded, CancellationToken cancellationToken)
   at Microsoft.EntityFrameworkCore.DbContext.SaveChangesAsync(Boolean acceptAllChangesOnSuccess, CancellationToken cancellationToken)
2025-04-14 00:23:07,855 [1] INFO Microsoft.Hosting.Lifetime - Now listening on: http://localhost:5012
2025-04-14 00:23:08,351 [1] INFO Microsoft.Hosting.Lifetime - Application started. Press Ctrl+C to shut down.
2025-04-14 00:23:08,356 [1] INFO Microsoft.Hosting.Lifetime - Hosting environment: Development
2025-04-14 00:23:08,359 [1] INFO Microsoft.Hosting.Lifetime - Content root path: C:\Users\sivab\source\repos\CozyHavenStay\CozyHavenStay
2025-04-14 00:26:41,353 [.NET TP Worker] WARN Microsoft.EntityFrameworkCore.Model.Validation - No store type was specified for the decimal property 'AmountPaid' on entity type 'Payment'. This will cause values to be silently truncated if they do not fit in the default precision and scale. Explicitly specify the SQL server column type that can accommodate all the values in 'OnModelCreating' using 'HasColumnType', specify precision and scale using 'HasPrecision', or configure a value converter using 'HasConversion'.
2025-04-14 00:26:41,362 [.NET TP Worker] WARN Microsoft.EntityFrameworkCore.Model.Validation - No store type was specified for the decimal property 'AmountRefunded' on entity type 'Refund'. This will cause values to be silently truncated if they do not fit in the default precision and scale. Explicitly specify the SQL server column type that can accommodate all the values in 'OnModelCreating' using 'HasColumnType', specify precision and scale using 'HasPrecision', or configure a value converter using 'HasConversion'.
2025-04-14 00:26:41,367 [.NET TP Worker] WARN Microsoft.EntityFrameworkCore.Model.Validation - No store type was specified for the decimal property 'PricePerNight' on entity type 'Room'. This will cause values to be silently truncated if they do not fit in the default precision and scale. Explicitly specify the SQL server column type that can accommodate all the values in 'OnModelCreating' using 'HasColumnType', specify precision and scale using 'HasPrecision', or configure a value converter using 'HasConversion'.
2025-04-14 00:26:44,512 [.NET TP Worker] INFO Microsoft.EntityFrameworkCore.Database.Command - Executed DbCommand (486ms) [Parameters=[@__id_0='?' (Size = 450)], CommandType='Text', CommandTimeout='30']
SELECT TOP(2) [u].[Email], [u].[HashKey], [u].[Password], [u].[Role]
FROM [Users] AS [u]
WHERE [u].[Email] = @__id_0
2025-04-14 00:26:44,845 [.NET TP Worker] INFO Microsoft.EntityFrameworkCore.Database.Command - Executed DbCommand (54ms) [Parameters=[], CommandType='Text', CommandTimeout='30']
SELECT [a].[Id], [a].[Email], [a].[Name]
FROM [Admins] AS [a]
2025-04-14 00:27:30,839 [.NET TP Worker] INFO Microsoft.EntityFrameworkCore.Database.Command - Executed DbCommand (201ms) [Parameters=[], CommandType='Text', CommandTimeout='30']
SELECT [h].[Id], [h].[Email], [h].[Name], [h].[Password], [h].[Phone], [h0].[HotelId], [h0].[Amenities], [h0].[ContactNumber], [h0].[Description], [h0].[Email], [h0].[HotelManagerId], [h0].[HotelName], [h0].[Location], [h0].[StarRating]
FROM [HotelManagers] AS [h]
LEFT JOIN [Hotels] AS [h0] ON [h].[Id] = [h0].[HotelManagerId]
2025-04-14 00:27:31,609 [.NET TP Worker] ERROR Microsoft.AspNetCore.Diagnostics.DeveloperExceptionPageMiddleware - An unhandled exception has occurred while executing the request.
System.Exception: No hotel managers found
   at CozyHavenStay.Repositories.HotelManagerRepository.GetAll() in C:\Users\sivab\source\repos\CozyHavenStay\CozyHavenStay\Repositories\HotelManagerRepository.cs:line 32
   at CozyHavenStay.Services.HotelManagerService.GetAllHotelManagers() in C:\Users\sivab\source\repos\CozyHavenStay\CozyHavenStay\Services\HotelManagerService.cs:line 57
   at CozyHavenStay.Controllers.HotelManagerController.GetAll() in C:\Users\sivab\source\repos\CozyHavenStay\CozyHavenStay\Controllers\HotelManagerController.cs:line 32
   at lambda_method90(Closure, Object)
   at Microsoft.AspNetCore.Mvc.Infrastructure.ActionMethodExecutor.AwaitableObjectResultExecutor.Execute(ActionContext actionContext, IActionResultTypeMapper mapper, ObjectMethodExecutor executor, Object controller, Object[] arguments)
   at Microsoft.AspNetCore.Mvc.Infrastructure.ControllerActionInvoker.<InvokeActionMethodAsync>g__Awaited|12_0(ControllerActionInvoker invoker, ValueTask`1 actionResultValueTask)
   at Microsoft.AspNetCore.Mvc.Infrastructure.ControllerActionInvoker.<InvokeNextActionFilterAsync>g__Awaited|10_0(ControllerActionInvoker invoker, Task lastTask, State next, Scope scope, Object state, Boolean isCompleted)
   at Microsoft.AspNetCore.Mvc.Infrastructure.ControllerActionInvoker.Rethrow(ActionExecutedContextSealed context)
   at Microsoft.AspNetCore.Mvc.Infrastructure.ControllerActionInvoker.Next(State& next, Scope& scope, Object& state, Boolean& isCompleted)
   at Microsoft.AspNetCore.Mvc.Infrastructure.ControllerActionInvoker.<InvokeInnerFilterAsync>g__Awaited|13_0(ControllerActionInvoker invoker, Task lastTask, State next, Scope scope, Object state, Boolean isCompleted)
   at Microsoft.AspNetCore.Mvc.Infrastructure.ResourceInvoker.<InvokeFilterPipelineAsync>g__Awaited|20_0(ResourceInvoker invoker, Task lastTask, State next, Scope scope, Object state, Boolean isCompleted)
   at Microsoft.AspNetCore.Mvc.Infrastructure.ResourceInvoker.<InvokeAsync>g__Awaited|17_0(ResourceInvoker invoker, Task task, IDisposable scope)
   at Microsoft.AspNetCore.Mvc.Infrastructure.ResourceInvoker.<InvokeAsync>g__Awaited|17_0(ResourceInvoker invoker, Task task, IDisposable scope)
   at Microsoft.AspNetCore.Authorization.AuthorizationMiddleware.Invoke(HttpContext context)
   at Microsoft.AspNetCore.Authentication.AuthenticationMiddleware.Invoke(HttpContext context)
   at Swashbuckle.AspNetCore.SwaggerUI.SwaggerUIMiddleware.Invoke(HttpContext httpContext)
   at Swashbuckle.AspNetCore.Swagger.SwaggerMiddleware.Invoke(HttpContext httpContext, ISwaggerProvider swaggerProvider)
   at Microsoft.AspNetCore.Diagnostics.DeveloperExceptionPageMiddlewareImpl.Invoke(HttpContext context)
2025-04-14 00:29:19,254 [.NET TP Worker] INFO Microsoft.EntityFrameworkCore.Database.Command - Executed DbCommand (33ms) [Parameters=[], CommandType='Text', CommandTimeout='30']
SELECT COUNT(*)
FROM [Users] AS [u]
2025-04-14 00:29:19,300 [.NET TP Worker] INFO Microsoft.EntityFrameworkCore.Database.Command - Executed DbCommand (23ms) [Parameters=[], CommandType='Text', CommandTimeout='30']
SELECT [u].[Email], [u].[HashKey], [u].[Password], [u].[Role]
FROM [Users] AS [u]
2025-04-14 00:29:19,789 [.NET TP Worker] INFO Microsoft.EntityFrameworkCore.Database.Command - Executed DbCommand (91ms) [Parameters=[@p0='?' (Size = 450), @p1='?' (Size = 8000) (DbType = Binary), @p2='?' (Size = 8000) (DbType = Binary), @p3='?' (Size = 4000)], CommandType='Text', CommandTimeout='30']
SET IMPLICIT_TRANSACTIONS OFF;
SET NOCOUNT ON;
INSERT INTO [Users] ([Email], [HashKey], [Password], [Role])
VALUES (@p0, @p1, @p2, @p3);
2025-04-14 00:29:20,073 [.NET TP Worker] INFO Microsoft.EntityFrameworkCore.Database.Command - Executed DbCommand (121ms) [Parameters=[@p0='?' (Size = 450), @p1='?' (Size = 4000), @p2='?' (Size = 4000), @p3='?' (Size = 4000)], CommandType='Text', CommandTimeout='30']
SET IMPLICIT_TRANSACTIONS OFF;
SET NOCOUNT ON;
INSERT INTO [HotelManagers] ([Email], [Name], [Password], [Phone])
OUTPUT INSERTED.[Id]
VALUES (@p0, @p1, @p2, @p3);
2025-04-14 00:29:29,041 [.NET TP Worker] INFO Microsoft.EntityFrameworkCore.Database.Command - Executed DbCommand (140ms) [Parameters=[], CommandType='Text', CommandTimeout='30']
SELECT [h].[Id], [h].[Email], [h].[Name], [h].[Password], [h].[Phone], [h0].[HotelId], [h0].[Amenities], [h0].[ContactNumber], [h0].[Description], [h0].[Email], [h0].[HotelManagerId], [h0].[HotelName], [h0].[Location], [h0].[StarRating]
FROM [HotelManagers] AS [h]
LEFT JOIN [Hotels] AS [h0] ON [h].[Id] = [h0].[HotelManagerId]
2025-04-14 00:31:12,475 [.NET TP Worker] INFO Microsoft.EntityFrameworkCore.Database.Command - Executed DbCommand (268ms) [Parameters=[@p0='?' (Size = 4000), @p1='?' (Size = 4000), @p2='?' (Size = 4000), @p3='?' (Size = 4000), @p4='?' (DbType = Int32), @p5='?' (Size = 4000), @p6='?' (Size = 4000), @p7='?' (DbType = Int32)], CommandType='Text', CommandTimeout='30']
SET IMPLICIT_TRANSACTIONS OFF;
SET NOCOUNT ON;
INSERT INTO [Hotels] ([Amenities], [ContactNumber], [Description], [Email], [HotelManagerId], [HotelName], [Location], [StarRating])
OUTPUT INSERTED.[HotelId]
VALUES (@p0, @p1, @p2, @p3, @p4, @p5, @p6, @p7);
2025-04-14 00:31:12,720 [.NET TP Worker] ERROR Microsoft.EntityFrameworkCore.Update - An exception occurred in the database while saving changes for context type 'CozyHavenStay.Contexts.CozyHavenStayContext'.
Microsoft.EntityFrameworkCore.DbUpdateException: An error occurred while saving the entity changes. See the inner exception for details.
 ---> Microsoft.Data.SqlClient.SqlException (0x80131904): The INSERT statement conflicted with the FOREIGN KEY constraint "FK_Hotels_HotelManagers_HotelManagerId". The conflict occurred in database "CozyHavenStay", table "dbo.HotelManagers", column 'Id'.
   at Microsoft.Data.SqlClient.SqlConnection.OnError(SqlException exception, Boolean breakConnection, Action`1 wrapCloseInAction)
   at Microsoft.Data.SqlClient.SqlInternalConnection.OnError(SqlException exception, Boolean breakConnection, Action`1 wrapCloseInAction)
   at Microsoft.Data.SqlClient.TdsParser.ThrowExceptionAndWarning(TdsParserStateObject stateObj, Boolean callerHasConnectionLock, Boolean asyncClose)
   at Microsoft.Data.SqlClient.TdsParser.TryRun(RunBehavior runBehavior, SqlCommand cmdHandler, SqlDataReader dataStream, BulkCopySimpleResultSet bulkCopyHandler, TdsParserStateObject stateObj, Boolean& dataReady)
   at Microsoft.Data.SqlClient.SqlDataReader.TryHasMoreRows(Boolean& moreRows)
   at Microsoft.Data.SqlClient.SqlDataReader.TryReadInternal(Boolean setTimeout, Boolean& more)
   at Microsoft.Data.SqlClient.SqlDataReader.ReadAsyncExecute(Task task, Object state)
   at Microsoft.Data.SqlClient.SqlDataReader.InvokeAsyncCall[T](SqlDataReaderBaseAsyncCallContext`1 context)
--- End of stack trace from previous location ---
   at Microsoft.EntityFrameworkCore.Update.AffectedCountModificationCommandBatch.ConsumeResultSetAsync(Int32 startCommandIndex, RelationalDataReader reader, CancellationToken cancellationToken)
ClientConnectionId:5bb88a49-b46f-4552-997e-ae6b17aeeece
Error Number:547,State:0,Class:16
   --- End of inner exception stack trace ---
   at Microsoft.EntityFrameworkCore.Update.AffectedCountModificationCommandBatch.ConsumeResultSetAsync(Int32 startCommandIndex, RelationalDataReader reader, CancellationToken cancellationToken)
   at Microsoft.EntityFrameworkCore.Update.AffectedCountModificationCommandBatch.ConsumeAsync(RelationalDataReader reader, CancellationToken cancellationToken)
   at Microsoft.EntityFrameworkCore.Update.ReaderModificationCommandBatch.ExecuteAsync(IRelationalConnection connection, CancellationToken cancellationToken)
   at Microsoft.EntityFrameworkCore.Update.ReaderModificationCommandBatch.ExecuteAsync(IRelationalConnection connection, CancellationToken cancellationToken)
   at Microsoft.EntityFrameworkCore.SqlServer.Update.Internal.SqlServerModificationCommandBatch.ExecuteAsync(IRelationalConnection connection, CancellationToken cancellationToken)
   at Microsoft.EntityFrameworkCore.Update.Internal.BatchExecutor.ExecuteAsync(IEnumerable`1 commandBatches, IRelationalConnection connection, CancellationToken cancellationToken)
   at Microsoft.EntityFrameworkCore.Update.Internal.BatchExecutor.ExecuteAsync(IEnumerable`1 commandBatches, IRelationalConnection connection, CancellationToken cancellationToken)
   at Microsoft.EntityFrameworkCore.Update.Internal.BatchExecutor.ExecuteAsync(IEnumerable`1 commandBatches, IRelationalConnection connection, CancellationToken cancellationToken)
   at Microsoft.EntityFrameworkCore.ChangeTracking.Internal.StateManager.SaveChangesAsync(IList`1 entriesToSave, CancellationToken cancellationToken)
   at Microsoft.EntityFrameworkCore.ChangeTracking.Internal.StateManager.SaveChangesAsync(StateManager stateManager, Boolean acceptAllChangesOnSuccess, CancellationToken cancellationToken)
   at Microsoft.EntityFrameworkCore.SqlServer.Storage.Internal.SqlServerExecutionStrategy.ExecuteAsync[TState,TResult](TState state, Func`4 operation, Func`4 verifySucceeded, CancellationToken cancellationToken)
   at Microsoft.EntityFrameworkCore.DbContext.SaveChangesAsync(Boolean acceptAllChangesOnSuccess, CancellationToken cancellationToken)
Microsoft.EntityFrameworkCore.DbUpdateException: An error occurred while saving the entity changes. See the inner exception for details.
 ---> Microsoft.Data.SqlClient.SqlException (0x80131904): The INSERT statement conflicted with the FOREIGN KEY constraint "FK_Hotels_HotelManagers_HotelManagerId". The conflict occurred in database "CozyHavenStay", table "dbo.HotelManagers", column 'Id'.
   at Microsoft.Data.SqlClient.SqlConnection.OnError(SqlException exception, Boolean breakConnection, Action`1 wrapCloseInAction)
   at Microsoft.Data.SqlClient.SqlInternalConnection.OnError(SqlException exception, Boolean breakConnection, Action`1 wrapCloseInAction)
   at Microsoft.Data.SqlClient.TdsParser.ThrowExceptionAndWarning(TdsParserStateObject stateObj, Boolean callerHasConnectionLock, Boolean asyncClose)
   at Microsoft.Data.SqlClient.TdsParser.TryRun(RunBehavior runBehavior, SqlCommand cmdHandler, SqlDataReader dataStream, BulkCopySimpleResultSet bulkCopyHandler, TdsParserStateObject stateObj, Boolean& dataReady)
   at Microsoft.Data.SqlClient.SqlDataReader.TryHasMoreRows(Boolean& moreRows)
   at Microsoft.Data.SqlClient.SqlDataReader.TryReadInternal(Boolean setTimeout, Boolean& more)
   at Microsoft.Data.SqlClient.SqlDataReader.ReadAsyncExecute(Task task, Object state)
   at Microsoft.Data.SqlClient.SqlDataReader.InvokeAsyncCall[T](SqlDataReaderBaseAsyncCallContext`1 context)
--- End of stack trace from previous location ---
   at Microsoft.EntityFrameworkCore.Update.AffectedCountModificationCommandBatch.ConsumeResultSetAsync(Int32 startCommandIndex, RelationalDataReader reader, CancellationToken cancellationToken)
ClientConnectionId:5bb88a49-b46f-4552-997e-ae6b17aeeece
Error Number:547,State:0,Class:16
   --- End of inner exception stack trace ---
   at Microsoft.EntityFrameworkCore.Update.AffectedCountModificationCommandBatch.ConsumeResultSetAsync(Int32 startCommandIndex, RelationalDataReader reader, CancellationToken cancellationToken)
   at Microsoft.EntityFrameworkCore.Update.AffectedCountModificationCommandBatch.ConsumeAsync(RelationalDataReader reader, CancellationToken cancellationToken)
   at Microsoft.EntityFrameworkCore.Update.ReaderModificationCommandBatch.ExecuteAsync(IRelationalConnection connection, CancellationToken cancellationToken)
   at Microsoft.EntityFrameworkCore.Update.ReaderModificationCommandBatch.ExecuteAsync(IRelationalConnection connection, CancellationToken cancellationToken)
   at Microsoft.EntityFrameworkCore.SqlServer.Update.Internal.SqlServerModificationCommandBatch.ExecuteAsync(IRelationalConnection connection, CancellationToken cancellationToken)
   at Microsoft.EntityFrameworkCore.Update.Internal.BatchExecutor.ExecuteAsync(IEnumerable`1 commandBatches, IRelationalConnection connection, CancellationToken cancellationToken)
   at Microsoft.EntityFrameworkCore.Update.Internal.BatchExecutor.ExecuteAsync(IEnumerable`1 commandBatches, IRelationalConnection connection, CancellationToken cancellationToken)
   at Microsoft.EntityFrameworkCore.Update.Internal.BatchExecutor.ExecuteAsync(IEnumerable`1 commandBatches, IRelationalConnection connection, CancellationToken cancellationToken)
   at Microsoft.EntityFrameworkCore.ChangeTracking.Internal.StateManager.SaveChangesAsync(IList`1 entriesToSave, CancellationToken cancellationToken)
   at Microsoft.EntityFrameworkCore.ChangeTracking.Internal.StateManager.SaveChangesAsync(StateManager stateManager, Boolean acceptAllChangesOnSuccess, CancellationToken cancellationToken)
   at Microsoft.EntityFrameworkCore.SqlServer.Storage.Internal.SqlServerExecutionStrategy.ExecuteAsync[TState,TResult](TState state, Func`4 operation, Func`4 verifySucceeded, CancellationToken cancellationToken)
   at Microsoft.EntityFrameworkCore.DbContext.SaveChangesAsync(Boolean acceptAllChangesOnSuccess, CancellationToken cancellationToken)
2025-04-14 17:45:49,303 [1] INFO Microsoft.Hosting.Lifetime - Now listening on: http://localhost:5012
2025-04-14 17:45:49,770 [1] INFO Microsoft.Hosting.Lifetime - Application started. Press Ctrl+C to shut down.
2025-04-14 17:45:49,775 [1] INFO Microsoft.Hosting.Lifetime - Hosting environment: Development
2025-04-14 17:45:49,778 [1] INFO Microsoft.Hosting.Lifetime - Content root path: C:\Users\sivab\source\repos\CozyHavenStay\CozyHavenStay
2025-04-14 17:47:05,967 [.NET TP Worker] WARN Microsoft.EntityFrameworkCore.Model.Validation - No store type was specified for the decimal property 'AmountPaid' on entity type 'Payment'. This will cause values to be silently truncated if they do not fit in the default precision and scale. Explicitly specify the SQL server column type that can accommodate all the values in 'OnModelCreating' using 'HasColumnType', specify precision and scale using 'HasPrecision', or configure a value converter using 'HasConversion'.
2025-04-14 17:47:05,974 [.NET TP Worker] WARN Microsoft.EntityFrameworkCore.Model.Validation - No store type was specified for the decimal property 'AmountRefunded' on entity type 'Refund'. This will cause values to be silently truncated if they do not fit in the default precision and scale. Explicitly specify the SQL server column type that can accommodate all the values in 'OnModelCreating' using 'HasColumnType', specify precision and scale using 'HasPrecision', or configure a value converter using 'HasConversion'.
2025-04-14 17:47:05,976 [.NET TP Worker] WARN Microsoft.EntityFrameworkCore.Model.Validation - No store type was specified for the decimal property 'PricePerNight' on entity type 'Room'. This will cause values to be silently truncated if they do not fit in the default precision and scale. Explicitly specify the SQL server column type that can accommodate all the values in 'OnModelCreating' using 'HasColumnType', specify precision and scale using 'HasPrecision', or configure a value converter using 'HasConversion'.
2025-04-14 17:47:09,937 [.NET TP Worker] INFO Microsoft.EntityFrameworkCore.Database.Command - Executed DbCommand (1,356ms) [Parameters=[@__id_0='?' (Size = 450)], CommandType='Text', CommandTimeout='30']
SELECT TOP(2) [u].[Email], [u].[HashKey], [u].[Password], [u].[Role]
FROM [Users] AS [u]
WHERE [u].[Email] = @__id_0
2025-04-14 17:48:10,860 [.NET TP Worker] INFO Microsoft.EntityFrameworkCore.Database.Command - Executed DbCommand (262ms) [Parameters=[@__id_0='?' (Size = 450)], CommandType='Text', CommandTimeout='30']
SELECT TOP(2) [u].[Email], [u].[HashKey], [u].[Password], [u].[Role]
FROM [Users] AS [u]
WHERE [u].[Email] = @__id_0
2025-04-14 17:48:11,419 [.NET TP Worker] INFO Microsoft.EntityFrameworkCore.Database.Command - Executed DbCommand (122ms) [Parameters=[], CommandType='Text', CommandTimeout='30']
SELECT [a].[Id], [a].[Email], [a].[Name]
FROM [Admins] AS [a]
2025-04-14 17:48:54,136 [.NET TP Worker] INFO Microsoft.EntityFrameworkCore.Database.Command - Executed DbCommand (754ms) [Parameters=[], CommandType='Text', CommandTimeout='30']
SELECT [h].[Id], [h].[Email], [h].[Name], [h].[Password], [h].[Phone], [h0].[HotelId], [h0].[Amenities], [h0].[ContactNumber], [h0].[Description], [h0].[Email], [h0].[HotelManagerId], [h0].[HotelName], [h0].[Location], [h0].[StarRating]
FROM [HotelManagers] AS [h]
LEFT JOIN [Hotels] AS [h0] ON [h].[Id] = [h0].[HotelManagerId]
2025-04-14 17:50:08,074 [.NET TP Worker] INFO Microsoft.EntityFrameworkCore.Database.Command - Executed DbCommand (838ms) [Parameters=[@p0='?' (Size = 4000), @p1='?' (Size = 4000), @p2='?' (Size = 4000), @p3='?' (Size = 4000), @p4='?' (DbType = Int32), @p5='?' (Size = 4000), @p6='?' (Size = 4000), @p7='?' (DbType = Int32)], CommandType='Text', CommandTimeout='30']
SET IMPLICIT_TRANSACTIONS OFF;
SET NOCOUNT ON;
INSERT INTO [Hotels] ([Amenities], [ContactNumber], [Description], [Email], [HotelManagerId], [HotelName], [Location], [StarRating])
OUTPUT INSERTED.[HotelId]
VALUES (@p0, @p1, @p2, @p3, @p4, @p5, @p6, @p7);
2025-04-14 17:51:23,358 [.NET TP Worker] WARN Microsoft.EntityFrameworkCore.Query - Compiling a query which loads related collections for more than one collection navigation, either via 'Include' or through projection, but no 'QuerySplittingBehavior' has been configured. By default, Entity Framework will use 'QuerySplittingBehavior.SingleQuery', which can potentially result in slow query performance. See https://go.microsoft.com/fwlink/?linkid=2134277 for more information. To identify the query that's triggering this warning call 'ConfigureWarnings(w => w.Throw(RelationalEventId.MultipleCollectionIncludeWarning))'.
2025-04-14 17:51:25,025 [.NET TP Worker] INFO Microsoft.EntityFrameworkCore.Database.Command - Executed DbCommand (1,647ms) [Parameters=[], CommandType='Text', CommandTimeout='30']
SELECT [h].[HotelId], [h].[Amenities], [h].[ContactNumber], [h].[Description], [h].[Email], [h].[HotelManagerId], [h].[HotelName], [h].[Location], [h].[StarRating], [h0].[Id], [r].[RoomId], [r].[Amenities], [r].[Capacity], [r].[Description], [r].[HotelId], [r].[IsAvailable], [r].[PricePerNight], [r].[Type], [r0].[ReviewId], [r0].[Comment], [r0].[CustomerId], [r0].[Date], [r0].[HotelId], [r0].[Rating], [h0].[Email], [h0].[Name], [h0].[Password], [h0].[Phone]
FROM [Hotels] AS [h]
INNER JOIN [HotelManagers] AS [h0] ON [h].[HotelManagerId] = [h0].[Id]
LEFT JOIN [Rooms] AS [r] ON [h].[HotelId] = [r].[HotelId]
LEFT JOIN [Reviews] AS [r0] ON [h].[HotelId] = [r0].[HotelId]
ORDER BY [h].[HotelId], [h0].[Id], [r].[RoomId]
2025-04-14 17:52:47,164 [.NET TP Worker] INFO Microsoft.EntityFrameworkCore.Database.Command - Executed DbCommand (276ms) [Parameters=[@p0='?' (Size = 4000), @p1='?' (DbType = Int32), @p2='?' (Size = 4000), @p3='?' (DbType = Int32), @p4='?' (DbType = Boolean), @p5='?' (Precision = 18) (Scale = 2) (DbType = Decimal), @p6='?' (Size = 4000)], CommandType='Text', CommandTimeout='30']
SET IMPLICIT_TRANSACTIONS OFF;
SET NOCOUNT ON;
INSERT INTO [Rooms] ([Amenities], [Capacity], [Description], [HotelId], [IsAvailable], [PricePerNight], [Type])
OUTPUT INSERTED.[RoomId]
VALUES (@p0, @p1, @p2, @p3, @p4, @p5, @p6);
2025-04-14 17:54:41,441 [.NET TP Worker] INFO Microsoft.EntityFrameworkCore.Database.Command - Executed DbCommand (59ms) [Parameters=[@p0='?' (Size = 450), @p1='?' (Size = 8000) (DbType = Binary), @p2='?' (Size = 8000) (DbType = Binary), @p3='?' (Size = 4000)], CommandType='Text', CommandTimeout='30']
SET IMPLICIT_TRANSACTIONS OFF;
SET NOCOUNT ON;
INSERT INTO [Users] ([Email], [HashKey], [Password], [Role])
VALUES (@p0, @p1, @p2, @p3);
2025-04-14 17:54:41,543 [.NET TP Worker] INFO Microsoft.EntityFrameworkCore.Database.Command - Executed DbCommand (54ms) [Parameters=[@p0='?' (Size = 4000), @p1='?' (Size = 450), @p2='?' (Size = 4000), @p3='?' (Size = 4000), @p4='?' (Size = 4000)], CommandType='Text', CommandTimeout='30']
SET IMPLICIT_TRANSACTIONS OFF;
SET NOCOUNT ON;
INSERT INTO [Customers] ([Address], [Email], [Gender], [Name], [Phone])
OUTPUT INSERTED.[Id]
VALUES (@p0, @p1, @p2, @p3, @p4);
2025-04-14 17:55:20,030 [.NET TP Worker] INFO Microsoft.EntityFrameworkCore.Database.Command - Executed DbCommand (112ms) [Parameters=[@__id_0='?' (Size = 450)], CommandType='Text', CommandTimeout='30']
SELECT TOP(2) [u].[Email], [u].[HashKey], [u].[Password], [u].[Role]
FROM [Users] AS [u]
WHERE [u].[Email] = @__id_0
2025-04-14 17:55:20,171 [.NET TP Worker] INFO Microsoft.EntityFrameworkCore.Database.Command - Executed DbCommand (26ms) [Parameters=[], CommandType='Text', CommandTimeout='30']
SELECT COUNT(*)
FROM [Customers] AS [c]
2025-04-14 17:55:20,300 [.NET TP Worker] INFO Microsoft.EntityFrameworkCore.Database.Command - Executed DbCommand (104ms) [Parameters=[], CommandType='Text', CommandTimeout='30']
SELECT [c].[Id], [c].[Address], [c].[Email], [c].[Gender], [c].[Name], [c].[Phone], [u].[Email], [u].[HashKey], [u].[Password], [u].[Role]
FROM [Customers] AS [c]
INNER JOIN [Users] AS [u] ON [c].[Email] = [u].[Email]
2025-04-14 17:56:11,628 [.NET TP Worker] INFO Microsoft.EntityFrameworkCore.Database.Command - Executed DbCommand (230ms) [Parameters=[], CommandType='Text', CommandTimeout='30']
SELECT [b].[BookingId], [b].[CheckInDate], [b].[CheckOutDate], [b].[CreatedAt], [b].[CustomerId], [b].[RoomId], [b].[Status], [r].[RoomId], [r].[Amenities], [r].[Capacity], [r].[Description], [r].[HotelId], [r].[IsAvailable], [r].[PricePerNight], [r].[Type], [h].[HotelId], [h].[Amenities], [h].[ContactNumber], [h].[Description], [h].[Email], [h].[HotelManagerId], [h].[HotelName], [h].[Location], [h].[StarRating], [c].[Id], [c].[Address], [c].[Email], [c].[Gender], [c].[Name], [c].[Phone], [p].[PaymentId], [p].[AmountPaid], [p].[BookingId], [p].[PaymentDate], [p].[PaymentMethod], [p].[Status], [p].[TransactionReference]
FROM [Bookings] AS [b]
INNER JOIN [Rooms] AS [r] ON [b].[RoomId] = [r].[RoomId]
INNER JOIN [Hotels] AS [h] ON [r].[HotelId] = [h].[HotelId]
INNER JOIN [Customers] AS [c] ON [b].[CustomerId] = [c].[Id]
LEFT JOIN [Payments] AS [p] ON [b].[BookingId] = [p].[BookingId]
ORDER BY [b].[BookingId], [r].[RoomId], [h].[HotelId], [c].[Id]
2025-04-14 17:56:11,705 [.NET TP Worker] INFO Microsoft.EntityFrameworkCore.Database.Command - Executed DbCommand (46ms) [Parameters=[@__id_0='?' (DbType = Int32)], CommandType='Text', CommandTimeout='30']
SELECT [t].[RoomId], [t].[Amenities], [t].[Capacity], [t].[Description], [t].[HotelId], [t].[IsAvailable], [t].[PricePerNight], [t].[Type], [t].[HotelId0], [t].[Amenities0], [t].[ContactNumber], [t].[Description0], [t].[Email], [t].[HotelManagerId], [t].[HotelName], [t].[Location], [t].[StarRating], [b].[BookingId], [b].[CheckInDate], [b].[CheckOutDate], [b].[CreatedAt], [b].[CustomerId], [b].[RoomId], [b].[Status]
FROM (
    SELECT TOP(1) [r].[RoomId], [r].[Amenities], [r].[Capacity], [r].[Description], [r].[HotelId], [r].[IsAvailable], [r].[PricePerNight], [r].[Type], [h].[HotelId] AS [HotelId0], [h].[Amenities] AS [Amenities0], [h].[ContactNumber], [h].[Description] AS [Description0], [h].[Email], [h].[HotelManagerId], [h].[HotelName], [h].[Location], [h].[StarRating]
    FROM [Rooms] AS [r]
    INNER JOIN [Hotels] AS [h] ON [r].[HotelId] = [h].[HotelId]
    WHERE [r].[RoomId] = @__id_0
) AS [t]
LEFT JOIN [Bookings] AS [b] ON [t].[RoomId] = [b].[RoomId]
ORDER BY [t].[RoomId], [t].[HotelId0]
2025-04-14 17:56:11,955 [.NET TP Worker] INFO Microsoft.EntityFrameworkCore.Database.Command - Executed DbCommand (175ms) [Parameters=[@p0='?' (DbType = DateTime2), @p1='?' (DbType = DateTime2), @p2='?' (DbType = DateTime2), @p3='?' (DbType = Int32), @p4='?' (DbType = Int32), @p5='?' (Size = 4000)], CommandType='Text', CommandTimeout='30']
SET IMPLICIT_TRANSACTIONS OFF;
SET NOCOUNT ON;
INSERT INTO [Bookings] ([CheckInDate], [CheckOutDate], [CreatedAt], [CustomerId], [RoomId], [Status])
OUTPUT INSERTED.[BookingId]
VALUES (@p0, @p1, @p2, @p3, @p4, @p5);
2025-04-14 17:56:12,022 [.NET TP Worker] INFO Microsoft.EntityFrameworkCore.Database.Command - Executed DbCommand (55ms) [Parameters=[@__id_0='?' (DbType = Int32)], CommandType='Text', CommandTimeout='30']
SELECT [t].[RoomId], [t].[Amenities], [t].[Capacity], [t].[Description], [t].[HotelId], [t].[IsAvailable], [t].[PricePerNight], [t].[Type], [t].[HotelId0], [t].[Amenities0], [t].[ContactNumber], [t].[Description0], [t].[Email], [t].[HotelManagerId], [t].[HotelName], [t].[Location], [t].[StarRating], [b].[BookingId], [b].[CheckInDate], [b].[CheckOutDate], [b].[CreatedAt], [b].[CustomerId], [b].[RoomId], [b].[Status]
FROM (
    SELECT TOP(1) [r].[RoomId], [r].[Amenities], [r].[Capacity], [r].[Description], [r].[HotelId], [r].[IsAvailable], [r].[PricePerNight], [r].[Type], [h].[HotelId] AS [HotelId0], [h].[Amenities] AS [Amenities0], [h].[ContactNumber], [h].[Description] AS [Description0], [h].[Email], [h].[HotelManagerId], [h].[HotelName], [h].[Location], [h].[StarRating]
    FROM [Rooms] AS [r]
    INNER JOIN [Hotels] AS [h] ON [r].[HotelId] = [h].[HotelId]
    WHERE [r].[RoomId] = @__id_0
) AS [t]
LEFT JOIN [Bookings] AS [b] ON [t].[RoomId] = [b].[RoomId]
ORDER BY [t].[RoomId], [t].[HotelId0]
2025-04-14 17:56:12,192 [.NET TP Worker] INFO Microsoft.EntityFrameworkCore.Database.Command - Executed DbCommand (144ms) [Parameters=[@p1='?' (DbType = Int32), @p0='?' (DbType = Boolean)], CommandType='Text', CommandTimeout='30']
SET IMPLICIT_TRANSACTIONS OFF;
SET NOCOUNT ON;
UPDATE [Rooms] SET [IsAvailable] = @p0
OUTPUT 1
WHERE [RoomId] = @p1;
2025-04-14 17:57:07,916 [.NET TP Worker] INFO Microsoft.EntityFrameworkCore.Database.Command - Executed DbCommand (70ms) [Parameters=[@p0='?' (Precision = 18) (Scale = 2) (DbType = Decimal), @p1='?' (DbType = Int32), @p2='?' (DbType = DateTime2), @p3='?' (Size = 4000), @p4='?' (Size = 4000), @p5='?' (Size = 4000)], CommandType='Text', CommandTimeout='30']
SET IMPLICIT_TRANSACTIONS OFF;
SET NOCOUNT ON;
INSERT INTO [Payments] ([AmountPaid], [BookingId], [PaymentDate], [PaymentMethod], [Status], [TransactionReference])
OUTPUT INSERTED.[PaymentId]
VALUES (@p0, @p1, @p2, @p3, @p4, @p5);
2025-04-14 17:58:52,050 [.NET TP Worker] INFO Microsoft.EntityFrameworkCore.Database.Command - Executed DbCommand (271ms) [Parameters=[@p0='?' (Size = 4000), @p1='?' (DbType = Int32), @p2='?' (DbType = DateTime2), @p3='?' (DbType = Int32), @p4='?' (DbType = Int32)], CommandType='Text', CommandTimeout='30']
SET IMPLICIT_TRANSACTIONS OFF;
SET NOCOUNT ON;
INSERT INTO [Reviews] ([Comment], [CustomerId], [Date], [HotelId], [Rating])
OUTPUT INSERTED.[ReviewId]
VALUES (@p0, @p1, @p2, @p3, @p4);
2025-04-14 22:00:26,327 [1] INFO Microsoft.Hosting.Lifetime - Now listening on: http://localhost:5012
2025-04-14 22:00:26,820 [1] INFO Microsoft.Hosting.Lifetime - Application started. Press Ctrl+C to shut down.
2025-04-14 22:00:26,828 [1] INFO Microsoft.Hosting.Lifetime - Hosting environment: Development
2025-04-14 22:00:26,832 [1] INFO Microsoft.Hosting.Lifetime - Content root path: C:\Users\sivab\source\repos\CozyHavenStay\CozyHavenStay
2025-04-14 22:01:23,174 [.NET TP Worker] WARN Microsoft.EntityFrameworkCore.Model.Validation - No store type was specified for the decimal property 'AmountPaid' on entity type 'Payment'. This will cause values to be silently truncated if they do not fit in the default precision and scale. Explicitly specify the SQL server column type that can accommodate all the values in 'OnModelCreating' using 'HasColumnType', specify precision and scale using 'HasPrecision', or configure a value converter using 'HasConversion'.
2025-04-14 22:01:23,182 [.NET TP Worker] WARN Microsoft.EntityFrameworkCore.Model.Validation - No store type was specified for the decimal property 'AmountRefunded' on entity type 'Refund'. This will cause values to be silently truncated if they do not fit in the default precision and scale. Explicitly specify the SQL server column type that can accommodate all the values in 'OnModelCreating' using 'HasColumnType', specify precision and scale using 'HasPrecision', or configure a value converter using 'HasConversion'.
2025-04-14 22:01:23,187 [.NET TP Worker] WARN Microsoft.EntityFrameworkCore.Model.Validation - No store type was specified for the decimal property 'PricePerNight' on entity type 'Room'. This will cause values to be silently truncated if they do not fit in the default precision and scale. Explicitly specify the SQL server column type that can accommodate all the values in 'OnModelCreating' using 'HasColumnType', specify precision and scale using 'HasPrecision', or configure a value converter using 'HasConversion'.
2025-04-14 22:01:27,164 [.NET TP Worker] INFO Microsoft.EntityFrameworkCore.Database.Command - Executed DbCommand (762ms) [Parameters=[@__id_0='?' (Size = 450)], CommandType='Text', CommandTimeout='30']
SELECT TOP(2) [u].[Email], [u].[HashKey], [u].[Password], [u].[Role]
FROM [Users] AS [u]
WHERE [u].[Email] = @__id_0
2025-04-14 22:01:27,833 [.NET TP Worker] INFO Microsoft.EntityFrameworkCore.Database.Command - Executed DbCommand (180ms) [Parameters=[], CommandType='Text', CommandTimeout='30']
SELECT [a].[Id], [a].[Email], [a].[Name]
FROM [Admins] AS [a]
2025-04-14 22:02:53,411 [.NET TP Worker] WARN Microsoft.EntityFrameworkCore.Query - Compiling a query which loads related collections for more than one collection navigation, either via 'Include' or through projection, but no 'QuerySplittingBehavior' has been configured. By default, Entity Framework will use 'QuerySplittingBehavior.SingleQuery', which can potentially result in slow query performance. See https://go.microsoft.com/fwlink/?linkid=2134277 for more information. To identify the query that's triggering this warning call 'ConfigureWarnings(w => w.Throw(RelationalEventId.MultipleCollectionIncludeWarning))'.
2025-04-14 22:02:54,012 [.NET TP Worker] INFO Microsoft.EntityFrameworkCore.Database.Command - Executed DbCommand (575ms) [Parameters=[], CommandType='Text', CommandTimeout='30']
SELECT [h].[HotelId], [h].[Amenities], [h].[ContactNumber], [h].[Description], [h].[Email], [h].[HotelManagerId], [h].[HotelName], [h].[Location], [h].[StarRating], [h0].[Id], [r].[RoomId], [r].[Amenities], [r].[Capacity], [r].[Description], [r].[HotelId], [r].[IsAvailable], [r].[PricePerNight], [r].[Type], [r0].[ReviewId], [r0].[Comment], [r0].[CustomerId], [r0].[Date], [r0].[HotelId], [r0].[Rating], [h0].[Email], [h0].[Name], [h0].[Password], [h0].[Phone]
FROM [Hotels] AS [h]
INNER JOIN [HotelManagers] AS [h0] ON [h].[HotelManagerId] = [h0].[Id]
LEFT JOIN [Rooms] AS [r] ON [h].[HotelId] = [r].[HotelId]
LEFT JOIN [Reviews] AS [r0] ON [h].[HotelId] = [r0].[HotelId]
ORDER BY [h].[HotelId], [h0].[Id], [r].[RoomId]
2025-04-14 22:17:33,806 [.NET TP Worker] INFO Microsoft.EntityFrameworkCore.Database.Command - Executed DbCommand (403ms) [Parameters=[], CommandType='Text', CommandTimeout='30']
SELECT [p].[PaymentId], [p].[AmountPaid], [p].[BookingId], [p].[PaymentDate], [p].[PaymentMethod], [p].[Status], [p].[TransactionReference], [b].[BookingId], [b].[CheckInDate], [b].[CheckOutDate], [b].[CreatedAt], [b].[CustomerId], [b].[RoomId], [b].[Status], [r].[RoomId], [r].[Amenities], [r].[Capacity], [r].[Description], [r].[HotelId], [r].[IsAvailable], [r].[PricePerNight], [r].[Type]
FROM [Payments] AS [p]
INNER JOIN [Bookings] AS [b] ON [p].[BookingId] = [b].[BookingId]
INNER JOIN [Rooms] AS [r] ON [b].[RoomId] = [r].[RoomId]
2025-04-14 22:17:47,691 [.NET TP Worker] INFO Microsoft.EntityFrameworkCore.Database.Command - Executed DbCommand (1ms) [Parameters=[], CommandType='Text', CommandTimeout='30']
SELECT [p].[PaymentId], [p].[AmountPaid], [p].[BookingId], [p].[PaymentDate], [p].[PaymentMethod], [p].[Status], [p].[TransactionReference], [b].[BookingId], [b].[CheckInDate], [b].[CheckOutDate], [b].[CreatedAt], [b].[CustomerId], [b].[RoomId], [b].[Status], [r].[RoomId], [r].[Amenities], [r].[Capacity], [r].[Description], [r].[HotelId], [r].[IsAvailable], [r].[PricePerNight], [r].[Type]
FROM [Payments] AS [p]
INNER JOIN [Bookings] AS [b] ON [p].[BookingId] = [b].[BookingId]
INNER JOIN [Rooms] AS [r] ON [b].[RoomId] = [r].[RoomId]
2025-04-14 22:18:47,332 [.NET TP Worker] INFO Microsoft.EntityFrameworkCore.Database.Command - Executed DbCommand (149ms) [Parameters=[], CommandType='Text', CommandTimeout='30']
SELECT [p].[PaymentId], [p].[AmountPaid], [p].[BookingId], [p].[PaymentDate], [p].[PaymentMethod], [p].[Status], [p].[TransactionReference], [b].[BookingId], [b].[CheckInDate], [b].[CheckOutDate], [b].[CreatedAt], [b].[CustomerId], [b].[RoomId], [b].[Status], [r].[RoomId], [r].[Amenities], [r].[Capacity], [r].[Description], [r].[HotelId], [r].[IsAvailable], [r].[PricePerNight], [r].[Type]
FROM [Payments] AS [p]
INNER JOIN [Bookings] AS [b] ON [p].[BookingId] = [b].[BookingId]
INNER JOIN [Rooms] AS [r] ON [b].[RoomId] = [r].[RoomId]
2025-04-14 22:18:58,549 [.NET TP Worker] INFO Microsoft.EntityFrameworkCore.Database.Command - Executed DbCommand (16ms) [Parameters=[], CommandType='Text', CommandTimeout='30']
SELECT [p].[PaymentId], [p].[AmountPaid], [p].[BookingId], [p].[PaymentDate], [p].[PaymentMethod], [p].[Status], [p].[TransactionReference], [b].[BookingId], [b].[CheckInDate], [b].[CheckOutDate], [b].[CreatedAt], [b].[CustomerId], [b].[RoomId], [b].[Status], [r].[RoomId], [r].[Amenities], [r].[Capacity], [r].[Description], [r].[HotelId], [r].[IsAvailable], [r].[PricePerNight], [r].[Type]
FROM [Payments] AS [p]
INNER JOIN [Bookings] AS [b] ON [p].[BookingId] = [b].[BookingId]
INNER JOIN [Rooms] AS [r] ON [b].[RoomId] = [r].[RoomId]
2025-04-14 23:22:20,978 [1] WARN Microsoft.EntityFrameworkCore.Model.Validation - No store type was specified for the decimal property 'AmountPaid' on entity type 'Payment'. This will cause values to be silently truncated if they do not fit in the default precision and scale. Explicitly specify the SQL server column type that can accommodate all the values in 'OnModelCreating' using 'HasColumnType', specify precision and scale using 'HasPrecision', or configure a value converter using 'HasConversion'.
2025-04-14 23:22:21,238 [1] WARN Microsoft.EntityFrameworkCore.Model.Validation - No store type was specified for the decimal property 'AmountRefunded' on entity type 'Refund'. This will cause values to be silently truncated if they do not fit in the default precision and scale. Explicitly specify the SQL server column type that can accommodate all the values in 'OnModelCreating' using 'HasColumnType', specify precision and scale using 'HasPrecision', or configure a value converter using 'HasConversion'.
2025-04-14 23:22:21,238 [1] WARN Microsoft.EntityFrameworkCore.Model.Validation - No store type was specified for the decimal property 'PricePerNight' on entity type 'Room'. This will cause values to be silently truncated if they do not fit in the default precision and scale. Explicitly specify the SQL server column type that can accommodate all the values in 'OnModelCreating' using 'HasColumnType', specify precision and scale using 'HasPrecision', or configure a value converter using 'HasConversion'.
2025-04-14 23:22:21,939 [1] WARN Microsoft.EntityFrameworkCore.Model.Validation - No store type was specified for the decimal property 'AmountPaid' on entity type 'Payment'. This will cause values to be silently truncated if they do not fit in the default precision and scale. Explicitly specify the SQL server column type that can accommodate all the values in 'OnModelCreating' using 'HasColumnType', specify precision and scale using 'HasPrecision', or configure a value converter using 'HasConversion'.
2025-04-14 23:22:21,942 [1] WARN Microsoft.EntityFrameworkCore.Model.Validation - No store type was specified for the decimal property 'AmountRefunded' on entity type 'Refund'. This will cause values to be silently truncated if they do not fit in the default precision and scale. Explicitly specify the SQL server column type that can accommodate all the values in 'OnModelCreating' using 'HasColumnType', specify precision and scale using 'HasPrecision', or configure a value converter using 'HasConversion'.
2025-04-14 23:22:21,942 [1] WARN Microsoft.EntityFrameworkCore.Model.Validation - No store type was specified for the decimal property 'PricePerNight' on entity type 'Room'. This will cause values to be silently truncated if they do not fit in the default precision and scale. Explicitly specify the SQL server column type that can accommodate all the values in 'OnModelCreating' using 'HasColumnType', specify precision and scale using 'HasPrecision', or configure a value converter using 'HasConversion'.
2025-04-14 23:25:13,387 [1] WARN Microsoft.EntityFrameworkCore.Model.Validation - No store type was specified for the decimal property 'AmountPaid' on entity type 'Payment'. This will cause values to be silently truncated if they do not fit in the default precision and scale. Explicitly specify the SQL server column type that can accommodate all the values in 'OnModelCreating' using 'HasColumnType', specify precision and scale using 'HasPrecision', or configure a value converter using 'HasConversion'.
2025-04-14 23:25:13,430 [1] WARN Microsoft.EntityFrameworkCore.Model.Validation - No store type was specified for the decimal property 'AmountRefunded' on entity type 'Refund'. This will cause values to be silently truncated if they do not fit in the default precision and scale. Explicitly specify the SQL server column type that can accommodate all the values in 'OnModelCreating' using 'HasColumnType', specify precision and scale using 'HasPrecision', or configure a value converter using 'HasConversion'.
2025-04-14 23:25:13,432 [1] WARN Microsoft.EntityFrameworkCore.Model.Validation - No store type was specified for the decimal property 'PricePerNight' on entity type 'Room'. This will cause values to be silently truncated if they do not fit in the default precision and scale. Explicitly specify the SQL server column type that can accommodate all the values in 'OnModelCreating' using 'HasColumnType', specify precision and scale using 'HasPrecision', or configure a value converter using 'HasConversion'.
2025-04-14 23:25:15,420 [1] INFO Microsoft.EntityFrameworkCore.Database.Command - Executed DbCommand (50ms) [Parameters=[], CommandType='Text', CommandTimeout='30']
SELECT 1
2025-04-14 23:25:15,503 [1] INFO Microsoft.EntityFrameworkCore.Database.Command - Executed DbCommand (73ms) [Parameters=[], CommandType='Text', CommandTimeout='30']
SELECT OBJECT_ID(N'[__EFMigrationsHistory]');
2025-04-14 23:25:15,508 [1] INFO Microsoft.EntityFrameworkCore.Database.Command - Executed DbCommand (2ms) [Parameters=[], CommandType='Text', CommandTimeout='30']
SELECT 1
2025-04-14 23:25:15,518 [1] INFO Microsoft.EntityFrameworkCore.Database.Command - Executed DbCommand (9ms) [Parameters=[], CommandType='Text', CommandTimeout='30']
SELECT OBJECT_ID(N'[__EFMigrationsHistory]');
2025-04-14 23:25:16,393 [1] INFO Microsoft.EntityFrameworkCore.Database.Command - Executed DbCommand (828ms) [Parameters=[], CommandType='Text', CommandTimeout='30']
SELECT [MigrationId], [ProductVersion]
FROM [__EFMigrationsHistory]
ORDER BY [MigrationId];
2025-04-14 23:25:16,430 [1] INFO Microsoft.EntityFrameworkCore.Migrations - Applying migration '20250414175226_DocumentandCustomer'.
2025-04-14 23:25:17,665 [1] INFO Microsoft.EntityFrameworkCore.Database.Command - Executed DbCommand (997ms) [Parameters=[], CommandType='Text', CommandTimeout='30']
ALTER TABLE [Customers] ADD [IdProofData] varbinary(max) NULL;
2025-04-14 23:25:17,685 [1] INFO Microsoft.EntityFrameworkCore.Database.Command - Executed DbCommand (20ms) [Parameters=[], CommandType='Text', CommandTimeout='30']
ALTER TABLE [Customers] ADD [IdProofFileName] nvarchar(max) NULL;
2025-04-14 23:25:17,999 [1] INFO Microsoft.EntityFrameworkCore.Database.Command - Executed DbCommand (313ms) [Parameters=[], CommandType='Text', CommandTimeout='30']
CREATE TABLE [Documents] (
    [DocumentId] int NOT NULL IDENTITY,
    [FileName] nvarchar(max) NOT NULL,
    [FileType] nvarchar(max) NOT NULL,
    [Data] varbinary(max) NOT NULL,
    [CustomerId] int NULL,
    CONSTRAINT [PK_Documents] PRIMARY KEY ([DocumentId]),
    CONSTRAINT [FK_Documents_Customers_CustomerId] FOREIGN KEY ([CustomerId]) REFERENCES [Customers] ([Id]) ON DELETE CASCADE
);
2025-04-14 23:25:18,043 [1] INFO Microsoft.EntityFrameworkCore.Database.Command - Executed DbCommand (44ms) [Parameters=[], CommandType='Text', CommandTimeout='30']
CREATE INDEX [IX_Documents_CustomerId] ON [Documents] ([CustomerId]);
2025-04-14 23:25:18,104 [1] INFO Microsoft.EntityFrameworkCore.Database.Command - Executed DbCommand (60ms) [Parameters=[], CommandType='Text', CommandTimeout='30']
INSERT INTO [__EFMigrationsHistory] ([MigrationId], [ProductVersion])
VALUES (N'20250414175226_DocumentandCustomer', N'8.0.14');
2025-04-14 23:26:50,446 [1] INFO Microsoft.Hosting.Lifetime - Now listening on: http://localhost:5012
2025-04-14 23:26:52,077 [1] INFO Microsoft.Hosting.Lifetime - Application started. Press Ctrl+C to shut down.
2025-04-14 23:26:52,081 [1] INFO Microsoft.Hosting.Lifetime - Hosting environment: Development
2025-04-14 23:26:52,084 [1] INFO Microsoft.Hosting.Lifetime - Content root path: C:\Users\sivab\source\repos\CozyHavenStay\CozyHavenStay
2025-04-14 23:29:20,030 [.NET TP Worker] WARN Microsoft.EntityFrameworkCore.Model.Validation - No store type was specified for the decimal property 'AmountPaid' on entity type 'Payment'. This will cause values to be silently truncated if they do not fit in the default precision and scale. Explicitly specify the SQL server column type that can accommodate all the values in 'OnModelCreating' using 'HasColumnType', specify precision and scale using 'HasPrecision', or configure a value converter using 'HasConversion'.
2025-04-14 23:29:20,038 [.NET TP Worker] WARN Microsoft.EntityFrameworkCore.Model.Validation - No store type was specified for the decimal property 'AmountRefunded' on entity type 'Refund'. This will cause values to be silently truncated if they do not fit in the default precision and scale. Explicitly specify the SQL server column type that can accommodate all the values in 'OnModelCreating' using 'HasColumnType', specify precision and scale using 'HasPrecision', or configure a value converter using 'HasConversion'.
2025-04-14 23:29:20,043 [.NET TP Worker] WARN Microsoft.EntityFrameworkCore.Model.Validation - No store type was specified for the decimal property 'PricePerNight' on entity type 'Room'. This will cause values to be silently truncated if they do not fit in the default precision and scale. Explicitly specify the SQL server column type that can accommodate all the values in 'OnModelCreating' using 'HasColumnType', specify precision and scale using 'HasPrecision', or configure a value converter using 'HasConversion'.
2025-04-14 23:29:24,490 [.NET TP Worker] INFO Microsoft.EntityFrameworkCore.Database.Command - Executed DbCommand (900ms) [Parameters=[@__id_0='?' (Size = 450)], CommandType='Text', CommandTimeout='30']
SELECT TOP(2) [u].[Email], [u].[HashKey], [u].[Password], [u].[Role]
FROM [Users] AS [u]
WHERE [u].[Email] = @__id_0
2025-04-14 23:29:45,175 [.NET TP Worker] INFO Microsoft.EntityFrameworkCore.Database.Command - Executed DbCommand (105ms) [Parameters=[@__id_0='?' (Size = 450)], CommandType='Text', CommandTimeout='30']
SELECT TOP(2) [u].[Email], [u].[HashKey], [u].[Password], [u].[Role]
FROM [Users] AS [u]
WHERE [u].[Email] = @__id_0
2025-04-14 23:29:45,956 [.NET TP Worker] INFO Microsoft.EntityFrameworkCore.Database.Command - Executed DbCommand (109ms) [Parameters=[], CommandType='Text', CommandTimeout='30']
SELECT COUNT(*)
FROM [Customers] AS [c]
2025-04-14 23:29:46,534 [.NET TP Worker] INFO Microsoft.EntityFrameworkCore.Database.Command - Executed DbCommand (412ms) [Parameters=[], CommandType='Text', CommandTimeout='30']
SELECT [c].[Id], [c].[Address], [c].[Email], [c].[Gender], [c].[IdProofData], [c].[IdProofFileName], [c].[Name], [c].[Phone], [u].[Email], [u].[HashKey], [u].[Password], [u].[Role]
FROM [Customers] AS [c]
INNER JOIN [Users] AS [u] ON [c].[Email] = [u].[Email]
2025-04-14 23:31:11,841 [.NET TP Worker] ERROR Microsoft.AspNetCore.Diagnostics.DeveloperExceptionPageMiddleware - An unhandled exception has occurred while executing the request.
System.InvalidOperationException: Unable to resolve service for type 'CozyHavenStay.Interfaces.IDocumentService' while attempting to activate 'CozyHavenStay.Controllers.DocumentController'.
   at Microsoft.Extensions.DependencyInjection.ActivatorUtilities.ThrowHelperUnableToResolveService(Type type, Type requiredBy)
   at lambda_method138(Closure, IServiceProvider, Object[])
   at Microsoft.AspNetCore.Mvc.Controllers.ControllerFactoryProvider.<>c__DisplayClass6_0.<CreateControllerFactory>g__CreateController|0(ControllerContext controllerContext)
   at Microsoft.AspNetCore.Mvc.Infrastructure.ControllerActionInvoker.Next(State& next, Scope& scope, Object& state, Boolean& isCompleted)
   at Microsoft.AspNetCore.Mvc.Infrastructure.ControllerActionInvoker.InvokeInnerFilterAsync()
--- End of stack trace from previous location ---
   at Microsoft.AspNetCore.Mvc.Infrastructure.ResourceInvoker.<InvokeFilterPipelineAsync>g__Awaited|20_0(ResourceInvoker invoker, Task lastTask, State next, Scope scope, Object state, Boolean isCompleted)
   at Microsoft.AspNetCore.Mvc.Infrastructure.ResourceInvoker.<InvokeAsync>g__Awaited|17_0(ResourceInvoker invoker, Task task, IDisposable scope)
   at Microsoft.AspNetCore.Mvc.Infrastructure.ResourceInvoker.<InvokeAsync>g__Awaited|17_0(ResourceInvoker invoker, Task task, IDisposable scope)
   at Microsoft.AspNetCore.Authorization.AuthorizationMiddleware.Invoke(HttpContext context)
   at Microsoft.AspNetCore.Authentication.AuthenticationMiddleware.Invoke(HttpContext context)
   at Swashbuckle.AspNetCore.SwaggerUI.SwaggerUIMiddleware.Invoke(HttpContext httpContext)
   at Swashbuckle.AspNetCore.Swagger.SwaggerMiddleware.Invoke(HttpContext httpContext, ISwaggerProvider swaggerProvider)
   at Microsoft.AspNetCore.Diagnostics.DeveloperExceptionPageMiddlewareImpl.Invoke(HttpContext context)
2025-04-15 17:48:02,768 [1] INFO Microsoft.Hosting.Lifetime - Now listening on: http://localhost:5012
2025-04-15 17:48:03,475 [1] INFO Microsoft.Hosting.Lifetime - Application started. Press Ctrl+C to shut down.
2025-04-15 17:48:03,481 [1] INFO Microsoft.Hosting.Lifetime - Hosting environment: Development
2025-04-15 17:48:03,486 [1] INFO Microsoft.Hosting.Lifetime - Content root path: C:\Users\sivab\source\repos\CozyHavenStay\CozyHavenStay
2025-04-21 22:55:24,685 [1] INFO Microsoft.Hosting.Lifetime - Now listening on: http://localhost:5012
2025-04-21 22:55:24,940 [1] INFO Microsoft.Hosting.Lifetime - Application started. Press Ctrl+C to shut down.
2025-04-21 22:55:24,945 [1] INFO Microsoft.Hosting.Lifetime - Hosting environment: Development
2025-04-21 22:55:24,947 [1] INFO Microsoft.Hosting.Lifetime - Content root path: C:\Users\sivab\source\repos\CozyHavenStay\CozyHavenStay
2025-04-21 22:58:21,535 [.NET TP Worker] WARN Microsoft.EntityFrameworkCore.Model.Validation - No store type was specified for the decimal property 'AmountPaid' on entity type 'Payment'. This will cause values to be silently truncated if they do not fit in the default precision and scale. Explicitly specify the SQL server column type that can accommodate all the values in 'OnModelCreating' using 'HasColumnType', specify precision and scale using 'HasPrecision', or configure a value converter using 'HasConversion'.
2025-04-21 22:58:21,546 [.NET TP Worker] WARN Microsoft.EntityFrameworkCore.Model.Validation - No store type was specified for the decimal property 'AmountRefunded' on entity type 'Refund'. This will cause values to be silently truncated if they do not fit in the default precision and scale. Explicitly specify the SQL server column type that can accommodate all the values in 'OnModelCreating' using 'HasColumnType', specify precision and scale using 'HasPrecision', or configure a value converter using 'HasConversion'.
2025-04-21 22:58:21,550 [.NET TP Worker] WARN Microsoft.EntityFrameworkCore.Model.Validation - No store type was specified for the decimal property 'PricePerNight' on entity type 'Room'. This will cause values to be silently truncated if they do not fit in the default precision and scale. Explicitly specify the SQL server column type that can accommodate all the values in 'OnModelCreating' using 'HasColumnType', specify precision and scale using 'HasPrecision', or configure a value converter using 'HasConversion'.
2025-04-21 22:59:05,022 [.NET TP Worker] INFO Microsoft.EntityFrameworkCore.Database.Command - Executed DbCommand (26,606ms) [Parameters=[@p0='?' (Size = 450), @p1='?' (Size = 8000) (DbType = Binary), @p2='?' (Size = 8000) (DbType = Binary), @p3='?' (Size = 4000)], CommandType='Text', CommandTimeout='30']
SET IMPLICIT_TRANSACTIONS OFF;
SET NOCOUNT ON;
INSERT INTO [Users] ([Email], [HashKey], [Password], [Role])
VALUES (@p0, @p1, @p2, @p3);
2025-04-21 22:59:15,091 [.NET TP Worker] INFO Microsoft.EntityFrameworkCore.Database.Command - Executed DbCommand (8,111ms) [Parameters=[@p0='?' (Size = 4000), @p1='?' (Size = 450), @p2='?' (Size = 4000), @p3='?' (Size = 8000) (DbType = Binary), @p4='?' (Size = 4000), @p5='?' (Size = 4000), @p6='?' (Size = 4000)], CommandType='Text', CommandTimeout='30']
SET IMPLICIT_TRANSACTIONS OFF;
SET NOCOUNT ON;
INSERT INTO [Customers] ([Address], [Email], [Gender], [IdProofData], [IdProofFileName], [Name], [Phone])
OUTPUT INSERTED.[Id]
VALUES (@p0, @p1, @p2, @p3, @p4, @p5, @p6);
2025-04-22 13:14:58,805 [1] INFO Microsoft.Hosting.Lifetime - Now listening on: http://localhost:5012
2025-04-22 13:14:59,643 [1] INFO Microsoft.Hosting.Lifetime - Application started. Press Ctrl+C to shut down.
2025-04-22 13:14:59,649 [1] INFO Microsoft.Hosting.Lifetime - Hosting environment: Development
2025-04-22 13:14:59,653 [1] INFO Microsoft.Hosting.Lifetime - Content root path: C:\Users\sivab\source\repos\CozyHavenStay\CozyHavenStay
2025-04-22 22:44:44,680 [1] INFO Microsoft.Hosting.Lifetime - Now listening on: http://localhost:5012
2025-04-22 22:44:45,060 [1] INFO Microsoft.Hosting.Lifetime - Application started. Press Ctrl+C to shut down.
2025-04-22 22:44:45,065 [1] INFO Microsoft.Hosting.Lifetime - Hosting environment: Development
2025-04-22 22:44:45,068 [1] INFO Microsoft.Hosting.Lifetime - Content root path: C:\Users\sivab\source\repos\CozyHavenStay\CozyHavenStay
2025-04-22 23:31:45,091 [1] INFO Microsoft.Hosting.Lifetime - Now listening on: http://localhost:5012
2025-04-22 23:31:45,357 [1] INFO Microsoft.Hosting.Lifetime - Application started. Press Ctrl+C to shut down.
2025-04-22 23:31:45,360 [1] INFO Microsoft.Hosting.Lifetime - Hosting environment: Development
2025-04-22 23:31:45,362 [1] INFO Microsoft.Hosting.Lifetime - Content root path: C:\Users\sivab\source\repos\CozyHavenStay\CozyHavenStay
2025-04-22 23:33:18,248 [.NET TP Worker] WARN Microsoft.EntityFrameworkCore.Model.Validation - No store type was specified for the decimal property 'AmountPaid' on entity type 'Payment'. This will cause values to be silently truncated if they do not fit in the default precision and scale. Explicitly specify the SQL server column type that can accommodate all the values in 'OnModelCreating' using 'HasColumnType', specify precision and scale using 'HasPrecision', or configure a value converter using 'HasConversion'.
2025-04-22 23:33:18,253 [.NET TP Worker] WARN Microsoft.EntityFrameworkCore.Model.Validation - No store type was specified for the decimal property 'AmountRefunded' on entity type 'Refund'. This will cause values to be silently truncated if they do not fit in the default precision and scale. Explicitly specify the SQL server column type that can accommodate all the values in 'OnModelCreating' using 'HasColumnType', specify precision and scale using 'HasPrecision', or configure a value converter using 'HasConversion'.
2025-04-22 23:33:18,344 [.NET TP Worker] WARN Microsoft.EntityFrameworkCore.Model.Validation - No store type was specified for the decimal property 'PricePerNight' on entity type 'Room'. This will cause values to be silently truncated if they do not fit in the default precision and scale. Explicitly specify the SQL server column type that can accommodate all the values in 'OnModelCreating' using 'HasColumnType', specify precision and scale using 'HasPrecision', or configure a value converter using 'HasConversion'.
2025-04-22 23:33:23,711 [.NET TP Worker] INFO Microsoft.EntityFrameworkCore.Database.Command - Executed DbCommand (1,743ms) [Parameters=[@__id_0='?' (Size = 450)], CommandType='Text', CommandTimeout='30']
SELECT TOP(2) [u].[Email], [u].[HashKey], [u].[Password], [u].[Role]
FROM [Users] AS [u]
WHERE [u].[Email] = @__id_0
2025-04-22 23:33:23,711 [.NET TP Worker] INFO Microsoft.EntityFrameworkCore.Database.Command - Executed DbCommand (2,376ms) [Parameters=[@__id_0='?' (Size = 450)], CommandType='Text', CommandTimeout='30']
SELECT TOP(2) [u].[Email], [u].[HashKey], [u].[Password], [u].[Role]
FROM [Users] AS [u]
WHERE [u].[Email] = @__id_0
2025-04-22 23:33:24,675 [.NET TP Worker] INFO Microsoft.EntityFrameworkCore.Database.Command - Executed DbCommand (671ms) [Parameters=[], CommandType='Text', CommandTimeout='30']
SELECT [a].[Id], [a].[Email], [a].[Name]
FROM [Admins] AS [a]
2025-04-22 23:33:24,678 [.NET TP Worker] INFO Microsoft.EntityFrameworkCore.Database.Command - Executed DbCommand (671ms) [Parameters=[], CommandType='Text', CommandTimeout='30']
SELECT [a].[Id], [a].[Email], [a].[Name]
FROM [Admins] AS [a]
2025-04-22 23:33:29,685 [.NET TP Worker] INFO Microsoft.EntityFrameworkCore.Database.Command - Executed DbCommand (175ms) [Parameters=[@__id_0='?' (Size = 450)], CommandType='Text', CommandTimeout='30']
SELECT TOP(2) [u].[Email], [u].[HashKey], [u].[Password], [u].[Role]
FROM [Users] AS [u]
WHERE [u].[Email] = @__id_0
2025-04-22 23:33:29,699 [.NET TP Worker] INFO Microsoft.EntityFrameworkCore.Database.Command - Executed DbCommand (11ms) [Parameters=[], CommandType='Text', CommandTimeout='30']
SELECT [a].[Id], [a].[Email], [a].[Name]
FROM [Admins] AS [a]
2025-04-22 23:39:37,698 [.NET TP Worker] INFO Microsoft.EntityFrameworkCore.Database.Command - Executed DbCommand (129ms) [Parameters=[@__id_0='?' (Size = 450)], CommandType='Text', CommandTimeout='30']
SELECT TOP(2) [u].[Email], [u].[HashKey], [u].[Password], [u].[Role]
FROM [Users] AS [u]
WHERE [u].[Email] = @__id_0
2025-04-22 23:39:42,828 [.NET TP Worker] INFO Microsoft.EntityFrameworkCore.Database.Command - Executed DbCommand (3ms) [Parameters=[@__id_0='?' (Size = 450)], CommandType='Text', CommandTimeout='30']
SELECT TOP(2) [u].[Email], [u].[HashKey], [u].[Password], [u].[Role]
FROM [Users] AS [u]
WHERE [u].[Email] = @__id_0
2025-04-22 23:39:42,913 [.NET TP Worker] INFO Microsoft.EntityFrameworkCore.Database.Command - Executed DbCommand (80ms) [Parameters=[], CommandType='Text', CommandTimeout='30']
SELECT [a].[Id], [a].[Email], [a].[Name]
FROM [Admins] AS [a]
2025-04-22 23:39:46,532 [.NET TP Worker] INFO Microsoft.EntityFrameworkCore.Database.Command - Executed DbCommand (179ms) [Parameters=[@__id_0='?' (Size = 450)], CommandType='Text', CommandTimeout='30']
SELECT TOP(2) [u].[Email], [u].[HashKey], [u].[Password], [u].[Role]
FROM [Users] AS [u]
WHERE [u].[Email] = @__id_0
2025-04-22 23:39:46,536 [.NET TP Worker] INFO Microsoft.EntityFrameworkCore.Database.Command - Executed DbCommand (2ms) [Parameters=[], CommandType='Text', CommandTimeout='30']
SELECT [a].[Id], [a].[Email], [a].[Name]
FROM [Admins] AS [a]
2025-04-22 23:40:05,343 [.NET TP Worker] INFO Microsoft.EntityFrameworkCore.Database.Command - Executed DbCommand (222ms) [Parameters=[@__id_0='?' (Size = 450)], CommandType='Text', CommandTimeout='30']
SELECT TOP(2) [u].[Email], [u].[HashKey], [u].[Password], [u].[Role]
FROM [Users] AS [u]
WHERE [u].[Email] = @__id_0
2025-04-22 23:40:10,313 [.NET TP Worker] INFO Microsoft.EntityFrameworkCore.Database.Command - Executed DbCommand (12ms) [Parameters=[@__id_0='?' (Size = 450)], CommandType='Text', CommandTimeout='30']
SELECT TOP(2) [u].[Email], [u].[HashKey], [u].[Password], [u].[Role]
FROM [Users] AS [u]
WHERE [u].[Email] = @__id_0
2025-04-22 23:40:10,359 [.NET TP Worker] INFO Microsoft.EntityFrameworkCore.Database.Command - Executed DbCommand (42ms) [Parameters=[], CommandType='Text', CommandTimeout='30']
SELECT [a].[Id], [a].[Email], [a].[Name]
FROM [Admins] AS [a]
2025-04-22 23:40:12,019 [.NET TP Worker] INFO Microsoft.EntityFrameworkCore.Database.Command - Executed DbCommand (6ms) [Parameters=[@__id_0='?' (Size = 450)], CommandType='Text', CommandTimeout='30']
SELECT TOP(2) [u].[Email], [u].[HashKey], [u].[Password], [u].[Role]
FROM [Users] AS [u]
WHERE [u].[Email] = @__id_0
2025-04-22 23:40:12,025 [.NET TP Worker] INFO Microsoft.EntityFrameworkCore.Database.Command - Executed DbCommand (3ms) [Parameters=[], CommandType='Text', CommandTimeout='30']
SELECT [a].[Id], [a].[Email], [a].[Name]
FROM [Admins] AS [a]
2025-04-23 00:07:53,963 [.NET TP Worker] INFO Microsoft.EntityFrameworkCore.Database.Command - Executed DbCommand (198ms) [Parameters=[@__id_0='?' (Size = 450)], CommandType='Text', CommandTimeout='30']
SELECT TOP(2) [u].[Email], [u].[HashKey], [u].[Password], [u].[Role]
FROM [Users] AS [u]
WHERE [u].[Email] = @__id_0
2025-04-23 00:07:54,171 [.NET TP Worker] INFO Microsoft.EntityFrameworkCore.Database.Command - Executed DbCommand (185ms) [Parameters=[], CommandType='Text', CommandTimeout='30']
SELECT [a].[Id], [a].[Email], [a].[Name]
FROM [Admins] AS [a]
2025-04-23 07:32:10,022 [1] INFO Microsoft.Hosting.Lifetime - Now listening on: http://localhost:5012
2025-04-23 07:32:10,363 [1] INFO Microsoft.Hosting.Lifetime - Application started. Press Ctrl+C to shut down.
2025-04-23 07:32:10,367 [1] INFO Microsoft.Hosting.Lifetime - Hosting environment: Development
2025-04-23 07:32:10,372 [1] INFO Microsoft.Hosting.Lifetime - Content root path: C:\Users\sivab\source\repos\CozyHavenStay\CozyHavenStay
2025-04-23 07:41:24,354 [.NET TP Worker] WARN Microsoft.EntityFrameworkCore.Model.Validation - No store type was specified for the decimal property 'AmountPaid' on entity type 'Payment'. This will cause values to be silently truncated if they do not fit in the default precision and scale. Explicitly specify the SQL server column type that can accommodate all the values in 'OnModelCreating' using 'HasColumnType', specify precision and scale using 'HasPrecision', or configure a value converter using 'HasConversion'.
2025-04-23 07:41:24,445 [.NET TP Worker] WARN Microsoft.EntityFrameworkCore.Model.Validation - No store type was specified for the decimal property 'AmountRefunded' on entity type 'Refund'. This will cause values to be silently truncated if they do not fit in the default precision and scale. Explicitly specify the SQL server column type that can accommodate all the values in 'OnModelCreating' using 'HasColumnType', specify precision and scale using 'HasPrecision', or configure a value converter using 'HasConversion'.
2025-04-23 07:41:24,450 [.NET TP Worker] WARN Microsoft.EntityFrameworkCore.Model.Validation - No store type was specified for the decimal property 'PricePerNight' on entity type 'Room'. This will cause values to be silently truncated if they do not fit in the default precision and scale. Explicitly specify the SQL server column type that can accommodate all the values in 'OnModelCreating' using 'HasColumnType', specify precision and scale using 'HasPrecision', or configure a value converter using 'HasConversion'.
2025-04-23 07:41:34,046 [.NET TP Worker] INFO Microsoft.EntityFrameworkCore.Database.Command - Executed DbCommand (4,392ms) [Parameters=[@__id_0='?' (Size = 450)], CommandType='Text', CommandTimeout='30']
SELECT TOP(2) [u].[Email], [u].[HashKey], [u].[Password], [u].[Role]
FROM [Users] AS [u]
WHERE [u].[Email] = @__id_0
2025-04-23 07:41:35,020 [.NET TP Worker] INFO Microsoft.EntityFrameworkCore.Database.Command - Executed DbCommand (207ms) [Parameters=[@__id_0='?' (Size = 450)], CommandType='Text', CommandTimeout='30']
SELECT TOP(2) [u].[Email], [u].[HashKey], [u].[Password], [u].[Role]
FROM [Users] AS [u]
WHERE [u].[Email] = @__id_0
2025-04-23 07:41:35,064 [.NET TP Worker] INFO Microsoft.EntityFrameworkCore.Database.Command - Executed DbCommand (5,485ms) [Parameters=[@__id_0='?' (Size = 450)], CommandType='Text', CommandTimeout='30']
SELECT TOP(2) [u].[Email], [u].[HashKey], [u].[Password], [u].[Role]
FROM [Users] AS [u]
WHERE [u].[Email] = @__id_0
2025-04-23 07:41:39,239 [.NET TP Worker] INFO Microsoft.EntityFrameworkCore.Database.Command - Executed DbCommand (235ms) [Parameters=[@__id_0='?' (Size = 450)], CommandType='Text', CommandTimeout='30']
SELECT TOP(2) [u].[Email], [u].[HashKey], [u].[Password], [u].[Role]
FROM [Users] AS [u]
WHERE [u].[Email] = @__id_0
2025-04-23 07:41:39,330 [.NET TP Worker] INFO Microsoft.EntityFrameworkCore.Database.Command - Executed DbCommand (1,258ms) [Parameters=[], CommandType='Text', CommandTimeout='30']
SELECT [a].[Id], [a].[Email], [a].[Name]
FROM [Admins] AS [a]
2025-04-23 07:41:39,404 [.NET TP Worker] INFO Microsoft.EntityFrameworkCore.Database.Command - Executed DbCommand (1,358ms) [Parameters=[], CommandType='Text', CommandTimeout='30']
SELECT [a].[Id], [a].[Email], [a].[Name]
FROM [Admins] AS [a]
2025-04-23 07:42:01,726 [.NET TP Worker] INFO Microsoft.EntityFrameworkCore.Database.Command - Executed DbCommand (358ms) [Parameters=[@__id_0='?' (Size = 450)], CommandType='Text', CommandTimeout='30']
SELECT TOP(2) [u].[Email], [u].[HashKey], [u].[Password], [u].[Role]
FROM [Users] AS [u]
WHERE [u].[Email] = @__id_0
2025-04-23 07:42:01,754 [.NET TP Worker] INFO Microsoft.EntityFrameworkCore.Database.Command - Executed DbCommand (22ms) [Parameters=[], CommandType='Text', CommandTimeout='30']
SELECT [a].[Id], [a].[Email], [a].[Name]
FROM [Admins] AS [a]
2025-04-23 07:42:36,629 [.NET TP Worker] INFO Microsoft.EntityFrameworkCore.Database.Command - Executed DbCommand (31ms) [Parameters=[@__id_0='?' (Size = 450)], CommandType='Text', CommandTimeout='30']
SELECT TOP(2) [u].[Email], [u].[HashKey], [u].[Password], [u].[Role]
FROM [Users] AS [u]
WHERE [u].[Email] = @__id_0
2025-04-23 07:42:44,642 [.NET TP Worker] INFO Microsoft.EntityFrameworkCore.Database.Command - Executed DbCommand (3ms) [Parameters=[@__id_0='?' (Size = 450)], CommandType='Text', CommandTimeout='30']
SELECT TOP(2) [u].[Email], [u].[HashKey], [u].[Password], [u].[Role]
FROM [Users] AS [u]
WHERE [u].[Email] = @__id_0
2025-04-23 07:42:44,646 [.NET TP Worker] INFO Microsoft.EntityFrameworkCore.Database.Command - Executed DbCommand (1ms) [Parameters=[], CommandType='Text', CommandTimeout='30']
SELECT [a].[Id], [a].[Email], [a].[Name]
FROM [Admins] AS [a]
2025-04-23 07:50:23,129 [.NET TP Worker] INFO Microsoft.EntityFrameworkCore.Database.Command - Executed DbCommand (169ms) [Parameters=[@__id_0='?' (Size = 450)], CommandType='Text', CommandTimeout='30']
SELECT TOP(2) [u].[Email], [u].[HashKey], [u].[Password], [u].[Role]
FROM [Users] AS [u]
WHERE [u].[Email] = @__id_0
2025-04-23 07:50:23,184 [.NET TP Worker] INFO Microsoft.EntityFrameworkCore.Database.Command - Executed DbCommand (18ms) [Parameters=[], CommandType='Text', CommandTimeout='30']
SELECT [a].[Id], [a].[Email], [a].[Name]
FROM [Admins] AS [a]
2025-04-24 10:10:30,069 [1] INFO Microsoft.Hosting.Lifetime - Now listening on: http://localhost:5012
2025-04-24 10:10:30,359 [1] INFO Microsoft.Hosting.Lifetime - Application started. Press Ctrl+C to shut down.
2025-04-24 10:10:30,364 [1] INFO Microsoft.Hosting.Lifetime - Hosting environment: Development
2025-04-24 10:10:30,376 [1] INFO Microsoft.Hosting.Lifetime - Content root path: C:\Users\sivab\source\repos\CozyHavenStay\CozyHavenStay
2025-04-27 12:38:04,117 [1] INFO Microsoft.Hosting.Lifetime - Now listening on: http://localhost:5012
2025-04-27 12:38:04,891 [1] INFO Microsoft.Hosting.Lifetime - Application started. Press Ctrl+C to shut down.
2025-04-27 12:38:04,904 [1] INFO Microsoft.Hosting.Lifetime - Hosting environment: Development
2025-04-27 12:38:04,907 [1] INFO Microsoft.Hosting.Lifetime - Content root path: C:\Users\sivab\source\repos\CozyHavenStay\CozyHavenStay
2025-04-27 14:30:19,824 [1] WARN Microsoft.EntityFrameworkCore.Model.Validation - No store type was specified for the decimal property 'AmountPaid' on entity type 'Payment'. This will cause values to be silently truncated if they do not fit in the default precision and scale. Explicitly specify the SQL server column type that can accommodate all the values in 'OnModelCreating' using 'HasColumnType', specify precision and scale using 'HasPrecision', or configure a value converter using 'HasConversion'.
2025-04-27 14:30:19,937 [1] WARN Microsoft.EntityFrameworkCore.Model.Validation - No store type was specified for the decimal property 'AmountRefunded' on entity type 'Refund'. This will cause values to be silently truncated if they do not fit in the default precision and scale. Explicitly specify the SQL server column type that can accommodate all the values in 'OnModelCreating' using 'HasColumnType', specify precision and scale using 'HasPrecision', or configure a value converter using 'HasConversion'.
2025-04-27 14:30:19,938 [1] WARN Microsoft.EntityFrameworkCore.Model.Validation - No store type was specified for the decimal property 'PricePerNight' on entity type 'Room'. This will cause values to be silently truncated if they do not fit in the default precision and scale. Explicitly specify the SQL server column type that can accommodate all the values in 'OnModelCreating' using 'HasColumnType', specify precision and scale using 'HasPrecision', or configure a value converter using 'HasConversion'.
2025-04-27 14:30:20,636 [1] WARN Microsoft.EntityFrameworkCore.Model.Validation - No store type was specified for the decimal property 'AmountPaid' on entity type 'Payment'. This will cause values to be silently truncated if they do not fit in the default precision and scale. Explicitly specify the SQL server column type that can accommodate all the values in 'OnModelCreating' using 'HasColumnType', specify precision and scale using 'HasPrecision', or configure a value converter using 'HasConversion'.
2025-04-27 14:30:20,638 [1] WARN Microsoft.EntityFrameworkCore.Model.Validation - No store type was specified for the decimal property 'AmountRefunded' on entity type 'Refund'. This will cause values to be silently truncated if they do not fit in the default precision and scale. Explicitly specify the SQL server column type that can accommodate all the values in 'OnModelCreating' using 'HasColumnType', specify precision and scale using 'HasPrecision', or configure a value converter using 'HasConversion'.
2025-04-27 14:30:20,640 [1] WARN Microsoft.EntityFrameworkCore.Model.Validation - No store type was specified for the decimal property 'PricePerNight' on entity type 'Room'. This will cause values to be silently truncated if they do not fit in the default precision and scale. Explicitly specify the SQL server column type that can accommodate all the values in 'OnModelCreating' using 'HasColumnType', specify precision and scale using 'HasPrecision', or configure a value converter using 'HasConversion'.
2025-04-27 14:31:18,665 [1] WARN Microsoft.EntityFrameworkCore.Model.Validation - No store type was specified for the decimal property 'AmountPaid' on entity type 'Payment'. This will cause values to be silently truncated if they do not fit in the default precision and scale. Explicitly specify the SQL server column type that can accommodate all the values in 'OnModelCreating' using 'HasColumnType', specify precision and scale using 'HasPrecision', or configure a value converter using 'HasConversion'.
2025-04-27 14:31:18,687 [1] WARN Microsoft.EntityFrameworkCore.Model.Validation - No store type was specified for the decimal property 'AmountRefunded' on entity type 'Refund'. This will cause values to be silently truncated if they do not fit in the default precision and scale. Explicitly specify the SQL server column type that can accommodate all the values in 'OnModelCreating' using 'HasColumnType', specify precision and scale using 'HasPrecision', or configure a value converter using 'HasConversion'.
2025-04-27 14:31:18,688 [1] WARN Microsoft.EntityFrameworkCore.Model.Validation - No store type was specified for the decimal property 'PricePerNight' on entity type 'Room'. This will cause values to be silently truncated if they do not fit in the default precision and scale. Explicitly specify the SQL server column type that can accommodate all the values in 'OnModelCreating' using 'HasColumnType', specify precision and scale using 'HasPrecision', or configure a value converter using 'HasConversion'.
2025-04-27 14:31:20,813 [1] WARN Microsoft.EntityFrameworkCore.Model.Validation - No store type was specified for the decimal property 'AmountPaid' on entity type 'Payment'. This will cause values to be silently truncated if they do not fit in the default precision and scale. Explicitly specify the SQL server column type that can accommodate all the values in 'OnModelCreating' using 'HasColumnType', specify precision and scale using 'HasPrecision', or configure a value converter using 'HasConversion'.
2025-04-27 14:31:20,816 [1] WARN Microsoft.EntityFrameworkCore.Model.Validation - No store type was specified for the decimal property 'AmountRefunded' on entity type 'Refund'. This will cause values to be silently truncated if they do not fit in the default precision and scale. Explicitly specify the SQL server column type that can accommodate all the values in 'OnModelCreating' using 'HasColumnType', specify precision and scale using 'HasPrecision', or configure a value converter using 'HasConversion'.
2025-04-27 14:31:20,817 [1] WARN Microsoft.EntityFrameworkCore.Model.Validation - No store type was specified for the decimal property 'PricePerNight' on entity type 'Room'. This will cause values to be silently truncated if they do not fit in the default precision and scale. Explicitly specify the SQL server column type that can accommodate all the values in 'OnModelCreating' using 'HasColumnType', specify precision and scale using 'HasPrecision', or configure a value converter using 'HasConversion'.
2025-04-27 14:31:24,115 [1] INFO Microsoft.EntityFrameworkCore.Database.Command - Executed DbCommand (3,043ms) [Parameters=[], CommandType='Text', CommandTimeout='60']
CREATE DATABASE [CozyHavenStay];
2025-04-27 14:31:24,747 [1] INFO Microsoft.EntityFrameworkCore.Database.Command - Executed DbCommand (627ms) [Parameters=[], CommandType='Text', CommandTimeout='60']
IF SERVERPROPERTY('EngineEdition') <> 5
BEGIN
    ALTER DATABASE [CozyHavenStay] SET READ_COMMITTED_SNAPSHOT ON;
END;
2025-04-27 14:31:24,863 [1] INFO Microsoft.EntityFrameworkCore.Database.Command - Executed DbCommand (81ms) [Parameters=[], CommandType='Text', CommandTimeout='30']
SELECT 1
2025-04-27 14:31:25,407 [1] INFO Microsoft.EntityFrameworkCore.Database.Command - Executed DbCommand (286ms) [Parameters=[], CommandType='Text', CommandTimeout='30']
CREATE TABLE [__EFMigrationsHistory] (
    [MigrationId] nvarchar(150) NOT NULL,
    [ProductVersion] nvarchar(32) NOT NULL,
    CONSTRAINT [PK___EFMigrationsHistory] PRIMARY KEY ([MigrationId])
);
2025-04-27 14:31:25,411 [1] INFO Microsoft.EntityFrameworkCore.Database.Command - Executed DbCommand (1ms) [Parameters=[], CommandType='Text', CommandTimeout='30']
SELECT 1
2025-04-27 14:31:25,472 [1] INFO Microsoft.EntityFrameworkCore.Database.Command - Executed DbCommand (53ms) [Parameters=[], CommandType='Text', CommandTimeout='30']
SELECT OBJECT_ID(N'[__EFMigrationsHistory]');
2025-04-27 14:31:25,769 [1] INFO Microsoft.EntityFrameworkCore.Database.Command - Executed DbCommand (293ms) [Parameters=[], CommandType='Text', CommandTimeout='30']
SELECT [MigrationId], [ProductVersion]
FROM [__EFMigrationsHistory]
ORDER BY [MigrationId];
2025-04-27 14:31:25,798 [1] INFO Microsoft.EntityFrameworkCore.Migrations - Applying migration '20250427090023_init'.
2025-04-27 14:31:26,139 [1] INFO Microsoft.EntityFrameworkCore.Database.Command - Executed DbCommand (101ms) [Parameters=[], CommandType='Text', CommandTimeout='30']
CREATE TABLE [Users] (
    [Email] nvarchar(450) NOT NULL,
    [Password] varbinary(max) NOT NULL,
    [HashKey] varbinary(max) NOT NULL,
    [Role] nvarchar(max) NOT NULL,
    CONSTRAINT [PK_Users] PRIMARY KEY ([Email])
);
2025-04-27 14:31:26,264 [1] INFO Microsoft.EntityFrameworkCore.Database.Command - Executed DbCommand (124ms) [Parameters=[], CommandType='Text', CommandTimeout='30']
CREATE TABLE [Admins] (
    [Id] int NOT NULL IDENTITY,
    [Name] nvarchar(max) NOT NULL,
    [Email] nvarchar(450) NOT NULL,
    CONSTRAINT [PK_Admins] PRIMARY KEY ([Id]),
    CONSTRAINT [FK_Admins_Users_Email] FOREIGN KEY ([Email]) REFERENCES [Users] ([Email]) ON DELETE CASCADE
);
2025-04-27 14:31:26,296 [1] INFO Microsoft.EntityFrameworkCore.Database.Command - Executed DbCommand (31ms) [Parameters=[], CommandType='Text', CommandTimeout='30']
CREATE TABLE [Customers] (
    [Id] int NOT NULL IDENTITY,
    [Name] nvarchar(max) NOT NULL,
    [Gender] nvarchar(max) NOT NULL,
    [Email] nvarchar(450) NOT NULL,
    [Phone] nvarchar(max) NOT NULL,
    [Address] nvarchar(max) NOT NULL,
    [IdProofFileName] nvarchar(max) NULL,
    [IdProofData] varbinary(max) NULL,
    CONSTRAINT [PK_Customers] PRIMARY KEY ([Id]),
    CONSTRAINT [FK_Customers_Users_Email] FOREIGN KEY ([Email]) REFERENCES [Users] ([Email]) ON DELETE CASCADE
);
2025-04-27 14:31:26,343 [1] INFO Microsoft.EntityFrameworkCore.Database.Command - Executed DbCommand (47ms) [Parameters=[], CommandType='Text', CommandTimeout='30']
CREATE TABLE [HotelManagers] (
    [Id] int NOT NULL IDENTITY,
    [Name] nvarchar(max) NOT NULL,
    [Email] nvarchar(450) NOT NULL,
    [Password] nvarchar(max) NOT NULL,
    [Phone] nvarchar(max) NOT NULL,
    CONSTRAINT [PK_HotelManagers] PRIMARY KEY ([Id]),
    CONSTRAINT [FK_HotelManagers_Users_Email] FOREIGN KEY ([Email]) REFERENCES [Users] ([Email]) ON DELETE CASCADE
);
2025-04-27 14:31:26,348 [1] INFO Microsoft.EntityFrameworkCore.Database.Command - Executed DbCommand (5ms) [Parameters=[], CommandType='Text', CommandTimeout='30']
CREATE TABLE [Documents] (
    [DocumentId] int NOT NULL IDENTITY,
    [FileName] nvarchar(max) NOT NULL,
    [FileType] nvarchar(max) NOT NULL,
    [Data] varbinary(max) NOT NULL,
    [CustomerId] int NULL,
    CONSTRAINT [PK_Documents] PRIMARY KEY ([DocumentId]),
    CONSTRAINT [FK_Documents_Customers_CustomerId] FOREIGN KEY ([CustomerId]) REFERENCES [Customers] ([Id]) ON DELETE CASCADE
);
2025-04-27 14:31:26,485 [1] INFO Microsoft.EntityFrameworkCore.Database.Command - Executed DbCommand (17ms) [Parameters=[], CommandType='Text', CommandTimeout='30']
CREATE TABLE [Hotels] (
    [HotelId] int NOT NULL IDENTITY,
    [HotelName] nvarchar(max) NOT NULL,
    [Location] nvarchar(max) NOT NULL,
    [ContactNumber] nvarchar(max) NOT NULL,
    [Email] nvarchar(max) NOT NULL,
    [Description] nvarchar(max) NOT NULL,
    [StarRating] int NOT NULL,
    [Amenities] nvarchar(max) NOT NULL,
    [Url] nvarchar(500) NOT NULL,
    [HotelManagerId] int NOT NULL,
    CONSTRAINT [PK_Hotels] PRIMARY KEY ([HotelId]),
    CONSTRAINT [FK_Hotels_HotelManagers_HotelManagerId] FOREIGN KEY ([HotelManagerId]) REFERENCES [HotelManagers] ([Id]) ON DELETE CASCADE
);
2025-04-27 14:31:26,530 [1] INFO Microsoft.EntityFrameworkCore.Database.Command - Executed DbCommand (45ms) [Parameters=[], CommandType='Text', CommandTimeout='30']
CREATE TABLE [Reviews] (
    [ReviewId] int NOT NULL IDENTITY,
    [Rating] int NOT NULL,
    [Comment] nvarchar(max) NOT NULL,
    [Date] datetime2 NOT NULL,
    [HotelId] int NOT NULL,
    [CustomerId] int NOT NULL,
    CONSTRAINT [PK_Reviews] PRIMARY KEY ([ReviewId]),
    CONSTRAINT [FK_Reviews_Customers_CustomerId] FOREIGN KEY ([CustomerId]) REFERENCES [Customers] ([Id]) ON DELETE CASCADE,
    CONSTRAINT [FK_Reviews_Hotels_HotelId] FOREIGN KEY ([HotelId]) REFERENCES [Hotels] ([HotelId]) ON DELETE NO ACTION
);
2025-04-27 14:31:26,536 [1] INFO Microsoft.EntityFrameworkCore.Database.Command - Executed DbCommand (5ms) [Parameters=[], CommandType='Text', CommandTimeout='30']
CREATE TABLE [Rooms] (
    [RoomId] int NOT NULL IDENTITY,
    [Type] nvarchar(max) NOT NULL,
    [Capacity] int NOT NULL,
    [PricePerNight] decimal(18,2) NOT NULL,
    [IsAvailable] bit NOT NULL,
    [Amenities] nvarchar(max) NOT NULL,
    [Description] nvarchar(max) NOT NULL,
    [Url] nvarchar(500) NOT NULL,
    [HotelId] int NOT NULL,
    CONSTRAINT [PK_Rooms] PRIMARY KEY ([RoomId]),
    CONSTRAINT [FK_Rooms_Hotels_HotelId] FOREIGN KEY ([HotelId]) REFERENCES [Hotels] ([HotelId]) ON DELETE CASCADE
);
2025-04-27 14:31:27,833 [1] INFO Microsoft.EntityFrameworkCore.Database.Command - Executed DbCommand (22ms) [Parameters=[], CommandType='Text', CommandTimeout='30']
CREATE TABLE [Bookings] (
    [BookingId] int NOT NULL IDENTITY,
    [CustomerId] int NOT NULL,
    [RoomId] int NOT NULL,
    [CheckInDate] datetime2 NOT NULL,
    [CheckOutDate] datetime2 NOT NULL,
    [Status] nvarchar(max) NOT NULL,
    [CreatedAt] datetime2 NOT NULL,
    CONSTRAINT [PK_Bookings] PRIMARY KEY ([BookingId]),
    CONSTRAINT [FK_Bookings_Customers_CustomerId] FOREIGN KEY ([CustomerId]) REFERENCES [Customers] ([Id]) ON DELETE CASCADE,
    CONSTRAINT [FK_Bookings_Rooms_RoomId] FOREIGN KEY ([RoomId]) REFERENCES [Rooms] ([RoomId]) ON DELETE NO ACTION
);
2025-04-27 14:31:27,837 [1] INFO Microsoft.EntityFrameworkCore.Database.Command - Executed DbCommand (4ms) [Parameters=[], CommandType='Text', CommandTimeout='30']
CREATE TABLE [Payments] (
    [PaymentId] int NOT NULL IDENTITY,
    [BookingId] int NOT NULL,
    [AmountPaid] decimal(18,2) NOT NULL,
    [PaymentDate] datetime2 NOT NULL,
    [PaymentMethod] nvarchar(max) NOT NULL,
    [Status] nvarchar(max) NOT NULL,
    [TransactionReference] nvarchar(max) NULL,
    CONSTRAINT [PK_Payments] PRIMARY KEY ([PaymentId]),
    CONSTRAINT [FK_Payments_Bookings_BookingId] FOREIGN KEY ([BookingId]) REFERENCES [Bookings] ([BookingId]) ON DELETE NO ACTION
);
2025-04-27 14:31:29,039 [1] INFO Microsoft.EntityFrameworkCore.Database.Command - Executed DbCommand (70ms) [Parameters=[], CommandType='Text', CommandTimeout='30']
CREATE TABLE [Refunds] (
    [RefundId] int NOT NULL IDENTITY,
    [PaymentId] int NOT NULL,
    [AmountRefunded] decimal(18,2) NOT NULL,
    [RefundDate] datetime2 NOT NULL,
    [Reason] nvarchar(max) NOT NULL,
    [Status] nvarchar(max) NOT NULL,
    CONSTRAINT [PK_Refunds] PRIMARY KEY ([RefundId]),
    CONSTRAINT [FK_Refunds_Payments_PaymentId] FOREIGN KEY ([PaymentId]) REFERENCES [Payments] ([PaymentId]) ON DELETE NO ACTION
);
2025-04-27 14:31:29,136 [1] INFO Microsoft.EntityFrameworkCore.Database.Command - Executed DbCommand (97ms) [Parameters=[], CommandType='Text', CommandTimeout='30']
CREATE UNIQUE INDEX [IX_Admins_Email] ON [Admins] ([Email]);
2025-04-27 14:31:29,186 [1] INFO Microsoft.EntityFrameworkCore.Database.Command - Executed DbCommand (50ms) [Parameters=[], CommandType='Text', CommandTimeout='30']
CREATE INDEX [IX_Bookings_CustomerId] ON [Bookings] ([CustomerId]);
2025-04-27 14:31:29,228 [1] INFO Microsoft.EntityFrameworkCore.Database.Command - Executed DbCommand (41ms) [Parameters=[], CommandType='Text', CommandTimeout='30']
CREATE INDEX [IX_Bookings_RoomId] ON [Bookings] ([RoomId]);
2025-04-27 14:31:29,262 [1] INFO Microsoft.EntityFrameworkCore.Database.Command - Executed DbCommand (33ms) [Parameters=[], CommandType='Text', CommandTimeout='30']
CREATE UNIQUE INDEX [IX_Customers_Email] ON [Customers] ([Email]);
2025-04-27 14:31:29,279 [1] INFO Microsoft.EntityFrameworkCore.Database.Command - Executed DbCommand (17ms) [Parameters=[], CommandType='Text', CommandTimeout='30']
CREATE INDEX [IX_Documents_CustomerId] ON [Documents] ([CustomerId]);
2025-04-27 14:31:29,282 [1] INFO Microsoft.EntityFrameworkCore.Database.Command - Executed DbCommand (2ms) [Parameters=[], CommandType='Text', CommandTimeout='30']
CREATE UNIQUE INDEX [IX_HotelManagers_Email] ON [HotelManagers] ([Email]);
2025-04-27 14:31:29,285 [1] INFO Microsoft.EntityFrameworkCore.Database.Command - Executed DbCommand (3ms) [Parameters=[], CommandType='Text', CommandTimeout='30']
CREATE UNIQUE INDEX [IX_Hotels_HotelManagerId] ON [Hotels] ([HotelManagerId]);
2025-04-27 14:31:30,095 [1] INFO Microsoft.EntityFrameworkCore.Database.Command - Executed DbCommand (3ms) [Parameters=[], CommandType='Text', CommandTimeout='30']
CREATE INDEX [IX_Payments_BookingId] ON [Payments] ([BookingId]);
2025-04-27 14:31:30,099 [1] INFO Microsoft.EntityFrameworkCore.Database.Command - Executed DbCommand (3ms) [Parameters=[], CommandType='Text', CommandTimeout='30']
CREATE INDEX [IX_Refunds_PaymentId] ON [Refunds] ([PaymentId]);
2025-04-27 14:31:30,102 [1] INFO Microsoft.EntityFrameworkCore.Database.Command - Executed DbCommand (2ms) [Parameters=[], CommandType='Text', CommandTimeout='30']
CREATE INDEX [IX_Reviews_CustomerId] ON [Reviews] ([CustomerId]);
2025-04-27 14:31:30,105 [1] INFO Microsoft.EntityFrameworkCore.Database.Command - Executed DbCommand (3ms) [Parameters=[], CommandType='Text', CommandTimeout='30']
CREATE INDEX [IX_Reviews_HotelId] ON [Reviews] ([HotelId]);
2025-04-27 14:31:30,108 [1] INFO Microsoft.EntityFrameworkCore.Database.Command - Executed DbCommand (3ms) [Parameters=[], CommandType='Text', CommandTimeout='30']
CREATE INDEX [IX_Rooms_HotelId] ON [Rooms] ([HotelId]);
2025-04-27 14:31:30,154 [1] INFO Microsoft.EntityFrameworkCore.Database.Command - Executed DbCommand (45ms) [Parameters=[], CommandType='Text', CommandTimeout='30']
INSERT INTO [__EFMigrationsHistory] ([MigrationId], [ProductVersion])
VALUES (N'20250427090023_init', N'8.0.14');
2025-04-27 16:21:11,058 [1] INFO Microsoft.Hosting.Lifetime - Now listening on: http://localhost:5012
2025-04-27 16:21:11,916 [1] INFO Microsoft.Hosting.Lifetime - Application started. Press Ctrl+C to shut down.
2025-04-27 16:21:11,920 [1] INFO Microsoft.Hosting.Lifetime - Hosting environment: Development
2025-04-27 16:21:11,923 [1] INFO Microsoft.Hosting.Lifetime - Content root path: C:\Users\sivab\source\repos\CozyHavenStay\CozyHavenStay
2025-04-27 18:18:56,694 [1] WARN Microsoft.EntityFrameworkCore.Model.Validation - No store type was specified for the decimal property 'PricePerNight' on entity type 'Hotel'. This will cause values to be silently truncated if they do not fit in the default precision and scale. Explicitly specify the SQL server column type that can accommodate all the values in 'OnModelCreating' using 'HasColumnType', specify precision and scale using 'HasPrecision', or configure a value converter using 'HasConversion'.
2025-04-27 18:18:56,830 [1] WARN Microsoft.EntityFrameworkCore.Model.Validation - No store type was specified for the decimal property 'AmountPaid' on entity type 'Payment'. This will cause values to be silently truncated if they do not fit in the default precision and scale. Explicitly specify the SQL server column type that can accommodate all the values in 'OnModelCreating' using 'HasColumnType', specify precision and scale using 'HasPrecision', or configure a value converter using 'HasConversion'.
2025-04-27 18:18:56,842 [1] WARN Microsoft.EntityFrameworkCore.Model.Validation - No store type was specified for the decimal property 'AmountRefunded' on entity type 'Refund'. This will cause values to be silently truncated if they do not fit in the default precision and scale. Explicitly specify the SQL server column type that can accommodate all the values in 'OnModelCreating' using 'HasColumnType', specify precision and scale using 'HasPrecision', or configure a value converter using 'HasConversion'.
2025-04-27 18:18:56,843 [1] WARN Microsoft.EntityFrameworkCore.Model.Validation - No store type was specified for the decimal property 'PricePerNight' on entity type 'Room'. This will cause values to be silently truncated if they do not fit in the default precision and scale. Explicitly specify the SQL server column type that can accommodate all the values in 'OnModelCreating' using 'HasColumnType', specify precision and scale using 'HasPrecision', or configure a value converter using 'HasConversion'.
2025-04-27 18:18:57,837 [1] WARN Microsoft.EntityFrameworkCore.Model.Validation - No store type was specified for the decimal property 'PricePerNight' on entity type 'Hotel'. This will cause values to be silently truncated if they do not fit in the default precision and scale. Explicitly specify the SQL server column type that can accommodate all the values in 'OnModelCreating' using 'HasColumnType', specify precision and scale using 'HasPrecision', or configure a value converter using 'HasConversion'.
2025-04-27 18:18:57,839 [1] WARN Microsoft.EntityFrameworkCore.Model.Validation - No store type was specified for the decimal property 'AmountPaid' on entity type 'Payment'. This will cause values to be silently truncated if they do not fit in the default precision and scale. Explicitly specify the SQL server column type that can accommodate all the values in 'OnModelCreating' using 'HasColumnType', specify precision and scale using 'HasPrecision', or configure a value converter using 'HasConversion'.
2025-04-27 18:18:57,839 [1] WARN Microsoft.EntityFrameworkCore.Model.Validation - No store type was specified for the decimal property 'AmountRefunded' on entity type 'Refund'. This will cause values to be silently truncated if they do not fit in the default precision and scale. Explicitly specify the SQL server column type that can accommodate all the values in 'OnModelCreating' using 'HasColumnType', specify precision and scale using 'HasPrecision', or configure a value converter using 'HasConversion'.
2025-04-27 18:18:57,882 [1] WARN Microsoft.EntityFrameworkCore.Model.Validation - No store type was specified for the decimal property 'PricePerNight' on entity type 'Room'. This will cause values to be silently truncated if they do not fit in the default precision and scale. Explicitly specify the SQL server column type that can accommodate all the values in 'OnModelCreating' using 'HasColumnType', specify precision and scale using 'HasPrecision', or configure a value converter using 'HasConversion'.
2025-04-27 18:20:00,761 [1] WARN Microsoft.EntityFrameworkCore.Model.Validation - No store type was specified for the decimal property 'PricePerNight' on entity type 'Hotel'. This will cause values to be silently truncated if they do not fit in the default precision and scale. Explicitly specify the SQL server column type that can accommodate all the values in 'OnModelCreating' using 'HasColumnType', specify precision and scale using 'HasPrecision', or configure a value converter using 'HasConversion'.
2025-04-27 18:20:00,805 [1] WARN Microsoft.EntityFrameworkCore.Model.Validation - No store type was specified for the decimal property 'AmountPaid' on entity type 'Payment'. This will cause values to be silently truncated if they do not fit in the default precision and scale. Explicitly specify the SQL server column type that can accommodate all the values in 'OnModelCreating' using 'HasColumnType', specify precision and scale using 'HasPrecision', or configure a value converter using 'HasConversion'.
2025-04-27 18:20:00,806 [1] WARN Microsoft.EntityFrameworkCore.Model.Validation - No store type was specified for the decimal property 'AmountRefunded' on entity type 'Refund'. This will cause values to be silently truncated if they do not fit in the default precision and scale. Explicitly specify the SQL server column type that can accommodate all the values in 'OnModelCreating' using 'HasColumnType', specify precision and scale using 'HasPrecision', or configure a value converter using 'HasConversion'.
2025-04-27 18:20:00,806 [1] WARN Microsoft.EntityFrameworkCore.Model.Validation - No store type was specified for the decimal property 'PricePerNight' on entity type 'Room'. This will cause values to be silently truncated if they do not fit in the default precision and scale. Explicitly specify the SQL server column type that can accommodate all the values in 'OnModelCreating' using 'HasColumnType', specify precision and scale using 'HasPrecision', or configure a value converter using 'HasConversion'.
2025-04-27 18:20:03,322 [1] INFO Microsoft.EntityFrameworkCore.Database.Command - Executed DbCommand (73ms) [Parameters=[], CommandType='Text', CommandTimeout='30']
SELECT 1
2025-04-27 18:20:03,457 [1] INFO Microsoft.EntityFrameworkCore.Database.Command - Executed DbCommand (126ms) [Parameters=[], CommandType='Text', CommandTimeout='30']
SELECT OBJECT_ID(N'[__EFMigrationsHistory]');
2025-04-27 18:20:03,460 [1] INFO Microsoft.EntityFrameworkCore.Database.Command - Executed DbCommand (1ms) [Parameters=[], CommandType='Text', CommandTimeout='30']
SELECT 1
2025-04-27 18:20:03,461 [1] INFO Microsoft.EntityFrameworkCore.Database.Command - Executed DbCommand (1ms) [Parameters=[], CommandType='Text', CommandTimeout='30']
SELECT OBJECT_ID(N'[__EFMigrationsHistory]');
2025-04-27 18:20:04,433 [1] INFO Microsoft.EntityFrameworkCore.Database.Command - Executed DbCommand (931ms) [Parameters=[], CommandType='Text', CommandTimeout='30']
SELECT [MigrationId], [ProductVersion]
FROM [__EFMigrationsHistory]
ORDER BY [MigrationId];
2025-04-27 18:20:04,481 [1] INFO Microsoft.EntityFrameworkCore.Migrations - Applying migration '20250427124900_hotel'.
2025-04-27 18:20:05,823 [1] INFO Microsoft.EntityFrameworkCore.Database.Command - Executed DbCommand (1,180ms) [Parameters=[], CommandType='Text', CommandTimeout='30']
ALTER TABLE [Hotels] ADD [PricePerNight] decimal(18,2) NOT NULL DEFAULT 0.0;
2025-04-27 18:20:05,939 [1] INFO Microsoft.EntityFrameworkCore.Database.Command - Executed DbCommand (115ms) [Parameters=[], CommandType='Text', CommandTimeout='30']
INSERT INTO [__EFMigrationsHistory] ([MigrationId], [ProductVersion])
VALUES (N'20250427124900_hotel', N'8.0.14');
2025-04-27 18:52:10,514 [1] INFO Microsoft.Hosting.Lifetime - Now listening on: http://localhost:5012
2025-04-27 18:52:10,891 [1] INFO Microsoft.Hosting.Lifetime - Application started. Press Ctrl+C to shut down.
2025-04-27 18:52:10,950 [1] INFO Microsoft.Hosting.Lifetime - Hosting environment: Development
2025-04-27 18:52:10,953 [1] INFO Microsoft.Hosting.Lifetime - Content root path: C:\Users\sivab\source\repos\CozyHavenStay\CozyHavenStay
2025-04-27 18:54:12,681 [.NET TP Worker] WARN Microsoft.EntityFrameworkCore.Model.Validation - No store type was specified for the decimal property 'PricePerNight' on entity type 'Hotel'. This will cause values to be silently truncated if they do not fit in the default precision and scale. Explicitly specify the SQL server column type that can accommodate all the values in 'OnModelCreating' using 'HasColumnType', specify precision and scale using 'HasPrecision', or configure a value converter using 'HasConversion'.
2025-04-27 18:54:12,702 [.NET TP Worker] WARN Microsoft.EntityFrameworkCore.Model.Validation - No store type was specified for the decimal property 'AmountPaid' on entity type 'Payment'. This will cause values to be silently truncated if they do not fit in the default precision and scale. Explicitly specify the SQL server column type that can accommodate all the values in 'OnModelCreating' using 'HasColumnType', specify precision and scale using 'HasPrecision', or configure a value converter using 'HasConversion'.
2025-04-27 18:54:12,706 [.NET TP Worker] WARN Microsoft.EntityFrameworkCore.Model.Validation - No store type was specified for the decimal property 'AmountRefunded' on entity type 'Refund'. This will cause values to be silently truncated if they do not fit in the default precision and scale. Explicitly specify the SQL server column type that can accommodate all the values in 'OnModelCreating' using 'HasColumnType', specify precision and scale using 'HasPrecision', or configure a value converter using 'HasConversion'.
2025-04-27 18:54:12,709 [.NET TP Worker] WARN Microsoft.EntityFrameworkCore.Model.Validation - No store type was specified for the decimal property 'PricePerNight' on entity type 'Room'. This will cause values to be silently truncated if they do not fit in the default precision and scale. Explicitly specify the SQL server column type that can accommodate all the values in 'OnModelCreating' using 'HasColumnType', specify precision and scale using 'HasPrecision', or configure a value converter using 'HasConversion'.
2025-04-27 18:54:15,059 [.NET TP Worker] INFO Microsoft.EntityFrameworkCore.Database.Command - Executed DbCommand (295ms) [Parameters=[], CommandType='Text', CommandTimeout='30']
SELECT COUNT(*)
FROM [Users] AS [u]
2025-04-27 18:54:21,323 [.NET TP Worker] ERROR Microsoft.AspNetCore.Diagnostics.DeveloperExceptionPageMiddleware - An unhandled exception has occurred while executing the request.
System.Exception: No users found
   at CozyHavenStay.Repositories.UserRepository.GetAll() in C:\Users\sivab\source\repos\CozyHavenStay\CozyHavenStay\Repositories\UserRepository.cs:line 16
   at CozyHavenStay.Services.HotelManagerService.CreateHotelManager(CreateHotelManagerRequest request) in C:\Users\sivab\source\repos\CozyHavenStay\CozyHavenStay\Services\HotelManagerService.cs:line 22
   at CozyHavenStay.Controllers.HotelManagerController.Create(CreateHotelManagerRequest request) in C:\Users\sivab\source\repos\CozyHavenStay\CozyHavenStay\Controllers\HotelManagerController.cs:line 24
   at lambda_method6(Closure, Object)
   at Microsoft.AspNetCore.Mvc.Infrastructure.ActionMethodExecutor.AwaitableObjectResultExecutor.Execute(ActionContext actionContext, IActionResultTypeMapper mapper, ObjectMethodExecutor executor, Object controller, Object[] arguments)
   at Microsoft.AspNetCore.Mvc.Infrastructure.ControllerActionInvoker.<InvokeActionMethodAsync>g__Awaited|12_0(ControllerActionInvoker invoker, ValueTask`1 actionResultValueTask)
   at Microsoft.AspNetCore.Mvc.Infrastructure.ControllerActionInvoker.<InvokeNextActionFilterAsync>g__Awaited|10_0(ControllerActionInvoker invoker, Task lastTask, State next, Scope scope, Object state, Boolean isCompleted)
   at Microsoft.AspNetCore.Mvc.Infrastructure.ControllerActionInvoker.Rethrow(ActionExecutedContextSealed context)
   at Microsoft.AspNetCore.Mvc.Infrastructure.ControllerActionInvoker.Next(State& next, Scope& scope, Object& state, Boolean& isCompleted)
   at Microsoft.AspNetCore.Mvc.Infrastructure.ControllerActionInvoker.InvokeInnerFilterAsync()
--- End of stack trace from previous location ---
   at Microsoft.AspNetCore.Mvc.Infrastructure.ResourceInvoker.<InvokeFilterPipelineAsync>g__Awaited|20_0(ResourceInvoker invoker, Task lastTask, State next, Scope scope, Object state, Boolean isCompleted)
   at Microsoft.AspNetCore.Mvc.Infrastructure.ResourceInvoker.<InvokeAsync>g__Awaited|17_0(ResourceInvoker invoker, Task task, IDisposable scope)
   at Microsoft.AspNetCore.Mvc.Infrastructure.ResourceInvoker.<InvokeAsync>g__Awaited|17_0(ResourceInvoker invoker, Task task, IDisposable scope)
   at Microsoft.AspNetCore.Authorization.AuthorizationMiddleware.Invoke(HttpContext context)
   at Microsoft.AspNetCore.Authentication.AuthenticationMiddleware.Invoke(HttpContext context)
   at Swashbuckle.AspNetCore.SwaggerUI.SwaggerUIMiddleware.Invoke(HttpContext httpContext)
   at Swashbuckle.AspNetCore.Swagger.SwaggerMiddleware.Invoke(HttpContext httpContext, ISwaggerProvider swaggerProvider)
   at Microsoft.AspNetCore.Diagnostics.DeveloperExceptionPageMiddlewareImpl.Invoke(HttpContext context)
2025-04-27 18:57:32,041 [.NET TP Worker] INFO Microsoft.EntityFrameworkCore.Database.Command - Executed DbCommand (311ms) [Parameters=[@p0='?' (Size = 450), @p1='?' (Size = 8000) (DbType = Binary), @p2='?' (Size = 8000) (DbType = Binary), @p3='?' (Size = 4000)], CommandType='Text', CommandTimeout='30']
SET IMPLICIT_TRANSACTIONS OFF;
SET NOCOUNT ON;
INSERT INTO [Users] ([Email], [HashKey], [Password], [Role])
VALUES (@p0, @p1, @p2, @p3);
2025-04-27 18:57:32,302 [.NET TP Worker] INFO Microsoft.EntityFrameworkCore.Database.Command - Executed DbCommand (171ms) [Parameters=[@p0='?' (Size = 4000), @p1='?' (Size = 450), @p2='?' (Size = 4000), @p3='?' (Size = 8000) (DbType = Binary), @p4='?' (Size = 4000), @p5='?' (Size = 4000), @p6='?' (Size = 4000)], CommandType='Text', CommandTimeout='30']
SET IMPLICIT_TRANSACTIONS OFF;
SET NOCOUNT ON;
INSERT INTO [Customers] ([Address], [Email], [Gender], [IdProofData], [IdProofFileName], [Name], [Phone])
OUTPUT INSERTED.[Id]
VALUES (@p0, @p1, @p2, @p3, @p4, @p5, @p6);
2025-04-27 19:20:27,658 [.NET TP Worker] INFO Microsoft.EntityFrameworkCore.Database.Command - Executed DbCommand (336ms) [Parameters=[], CommandType='Text', CommandTimeout='30']
SELECT COUNT(*)
FROM [Users] AS [u]
2025-04-27 19:20:29,655 [.NET TP Worker] INFO Microsoft.EntityFrameworkCore.Database.Command - Executed DbCommand (124ms) [Parameters=[], CommandType='Text', CommandTimeout='30']
SELECT [u].[Email], [u].[HashKey], [u].[Password], [u].[Role]
FROM [Users] AS [u]
2025-04-27 19:20:31,205 [.NET TP Worker] INFO Microsoft.EntityFrameworkCore.Database.Command - Executed DbCommand (1,240ms) [Parameters=[@p0='?' (Size = 450), @p1='?' (Size = 8000) (DbType = Binary), @p2='?' (Size = 8000) (DbType = Binary), @p3='?' (Size = 4000)], CommandType='Text', CommandTimeout='30']
SET IMPLICIT_TRANSACTIONS OFF;
SET NOCOUNT ON;
INSERT INTO [Users] ([Email], [HashKey], [Password], [Role])
VALUES (@p0, @p1, @p2, @p3);
2025-04-27 19:20:31,945 [.NET TP Worker] INFO Microsoft.EntityFrameworkCore.Database.Command - Executed DbCommand (387ms) [Parameters=[@p0='?' (Size = 450), @p1='?' (Size = 4000), @p2='?' (Size = 4000), @p3='?' (Size = 4000)], CommandType='Text', CommandTimeout='30']
SET IMPLICIT_TRANSACTIONS OFF;
SET NOCOUNT ON;
INSERT INTO [HotelManagers] ([Email], [Name], [Password], [Phone])
OUTPUT INSERTED.[Id]
VALUES (@p0, @p1, @p2, @p3);
2025-04-27 19:44:31,005 [1] WARN Microsoft.EntityFrameworkCore.Model.Validation - No store type was specified for the decimal property 'PricePerNight' on entity type 'Hotel'. This will cause values to be silently truncated if they do not fit in the default precision and scale. Explicitly specify the SQL server column type that can accommodate all the values in 'OnModelCreating' using 'HasColumnType', specify precision and scale using 'HasPrecision', or configure a value converter using 'HasConversion'.
2025-04-27 19:44:31,426 [1] WARN Microsoft.EntityFrameworkCore.Model.Validation - No store type was specified for the decimal property 'AmountPaid' on entity type 'Payment'. This will cause values to be silently truncated if they do not fit in the default precision and scale. Explicitly specify the SQL server column type that can accommodate all the values in 'OnModelCreating' using 'HasColumnType', specify precision and scale using 'HasPrecision', or configure a value converter using 'HasConversion'.
2025-04-27 19:44:31,426 [1] WARN Microsoft.EntityFrameworkCore.Model.Validation - No store type was specified for the decimal property 'AmountRefunded' on entity type 'Refund'. This will cause values to be silently truncated if they do not fit in the default precision and scale. Explicitly specify the SQL server column type that can accommodate all the values in 'OnModelCreating' using 'HasColumnType', specify precision and scale using 'HasPrecision', or configure a value converter using 'HasConversion'.
2025-04-27 19:44:31,427 [1] WARN Microsoft.EntityFrameworkCore.Model.Validation - No store type was specified for the decimal property 'PricePerNight' on entity type 'Room'. This will cause values to be silently truncated if they do not fit in the default precision and scale. Explicitly specify the SQL server column type that can accommodate all the values in 'OnModelCreating' using 'HasColumnType', specify precision and scale using 'HasPrecision', or configure a value converter using 'HasConversion'.
2025-04-27 19:44:32,193 [1] WARN Microsoft.EntityFrameworkCore.Model.Validation - No store type was specified for the decimal property 'PricePerNight' on entity type 'Hotel'. This will cause values to be silently truncated if they do not fit in the default precision and scale. Explicitly specify the SQL server column type that can accommodate all the values in 'OnModelCreating' using 'HasColumnType', specify precision and scale using 'HasPrecision', or configure a value converter using 'HasConversion'.
2025-04-27 19:44:32,196 [1] WARN Microsoft.EntityFrameworkCore.Model.Validation - No store type was specified for the decimal property 'AmountPaid' on entity type 'Payment'. This will cause values to be silently truncated if they do not fit in the default precision and scale. Explicitly specify the SQL server column type that can accommodate all the values in 'OnModelCreating' using 'HasColumnType', specify precision and scale using 'HasPrecision', or configure a value converter using 'HasConversion'.
2025-04-27 19:44:32,196 [1] WARN Microsoft.EntityFrameworkCore.Model.Validation - No store type was specified for the decimal property 'AmountRefunded' on entity type 'Refund'. This will cause values to be silently truncated if they do not fit in the default precision and scale. Explicitly specify the SQL server column type that can accommodate all the values in 'OnModelCreating' using 'HasColumnType', specify precision and scale using 'HasPrecision', or configure a value converter using 'HasConversion'.
2025-04-27 19:44:32,197 [1] WARN Microsoft.EntityFrameworkCore.Model.Validation - No store type was specified for the decimal property 'PricePerNight' on entity type 'Room'. This will cause values to be silently truncated if they do not fit in the default precision and scale. Explicitly specify the SQL server column type that can accommodate all the values in 'OnModelCreating' using 'HasColumnType', specify precision and scale using 'HasPrecision', or configure a value converter using 'HasConversion'.
2025-04-27 19:45:52,320 [1] WARN Microsoft.EntityFrameworkCore.Model.Validation - No store type was specified for the decimal property 'PricePerNight' on entity type 'Hotel'. This will cause values to be silently truncated if they do not fit in the default precision and scale. Explicitly specify the SQL server column type that can accommodate all the values in 'OnModelCreating' using 'HasColumnType', specify precision and scale using 'HasPrecision', or configure a value converter using 'HasConversion'.
2025-04-27 19:45:52,405 [1] WARN Microsoft.EntityFrameworkCore.Model.Validation - No store type was specified for the decimal property 'AmountPaid' on entity type 'Payment'. This will cause values to be silently truncated if they do not fit in the default precision and scale. Explicitly specify the SQL server column type that can accommodate all the values in 'OnModelCreating' using 'HasColumnType', specify precision and scale using 'HasPrecision', or configure a value converter using 'HasConversion'.
2025-04-27 19:45:52,406 [1] WARN Microsoft.EntityFrameworkCore.Model.Validation - No store type was specified for the decimal property 'AmountRefunded' on entity type 'Refund'. This will cause values to be silently truncated if they do not fit in the default precision and scale. Explicitly specify the SQL server column type that can accommodate all the values in 'OnModelCreating' using 'HasColumnType', specify precision and scale using 'HasPrecision', or configure a value converter using 'HasConversion'.
2025-04-27 19:45:52,407 [1] WARN Microsoft.EntityFrameworkCore.Model.Validation - No store type was specified for the decimal property 'PricePerNight' on entity type 'Room'. This will cause values to be silently truncated if they do not fit in the default precision and scale. Explicitly specify the SQL server column type that can accommodate all the values in 'OnModelCreating' using 'HasColumnType', specify precision and scale using 'HasPrecision', or configure a value converter using 'HasConversion'.
2025-04-27 19:45:55,260 [1] WARN Microsoft.EntityFrameworkCore.Model.Validation - No store type was specified for the decimal property 'PricePerNight' on entity type 'Hotel'. This will cause values to be silently truncated if they do not fit in the default precision and scale. Explicitly specify the SQL server column type that can accommodate all the values in 'OnModelCreating' using 'HasColumnType', specify precision and scale using 'HasPrecision', or configure a value converter using 'HasConversion'.
2025-04-27 19:45:55,263 [1] WARN Microsoft.EntityFrameworkCore.Model.Validation - No store type was specified for the decimal property 'AmountPaid' on entity type 'Payment'. This will cause values to be silently truncated if they do not fit in the default precision and scale. Explicitly specify the SQL server column type that can accommodate all the values in 'OnModelCreating' using 'HasColumnType', specify precision and scale using 'HasPrecision', or configure a value converter using 'HasConversion'.
2025-04-27 19:45:55,264 [1] WARN Microsoft.EntityFrameworkCore.Model.Validation - No store type was specified for the decimal property 'AmountRefunded' on entity type 'Refund'. This will cause values to be silently truncated if they do not fit in the default precision and scale. Explicitly specify the SQL server column type that can accommodate all the values in 'OnModelCreating' using 'HasColumnType', specify precision and scale using 'HasPrecision', or configure a value converter using 'HasConversion'.
2025-04-27 19:45:55,264 [1] WARN Microsoft.EntityFrameworkCore.Model.Validation - No store type was specified for the decimal property 'PricePerNight' on entity type 'Room'. This will cause values to be silently truncated if they do not fit in the default precision and scale. Explicitly specify the SQL server column type that can accommodate all the values in 'OnModelCreating' using 'HasColumnType', specify precision and scale using 'HasPrecision', or configure a value converter using 'HasConversion'.
2025-04-27 19:46:01,231 [1] INFO Microsoft.EntityFrameworkCore.Database.Command - Executed DbCommand (5,668ms) [Parameters=[], CommandType='Text', CommandTimeout='60']
CREATE DATABASE [CozyHavenStay];
2025-04-27 19:46:03,831 [1] INFO Microsoft.EntityFrameworkCore.Database.Command - Executed DbCommand (2,596ms) [Parameters=[], CommandType='Text', CommandTimeout='60']
IF SERVERPROPERTY('EngineEdition') <> 5
BEGIN
    ALTER DATABASE [CozyHavenStay] SET READ_COMMITTED_SNAPSHOT ON;
END;
2025-04-27 19:46:04,077 [1] INFO Microsoft.EntityFrameworkCore.Database.Command - Executed DbCommand (122ms) [Parameters=[], CommandType='Text', CommandTimeout='30']
SELECT 1
2025-04-27 19:46:05,831 [1] INFO Microsoft.EntityFrameworkCore.Database.Command - Executed DbCommand (1,398ms) [Parameters=[], CommandType='Text', CommandTimeout='30']
CREATE TABLE [__EFMigrationsHistory] (
    [MigrationId] nvarchar(150) NOT NULL,
    [ProductVersion] nvarchar(32) NOT NULL,
    CONSTRAINT [PK___EFMigrationsHistory] PRIMARY KEY ([MigrationId])
);
2025-04-27 19:46:05,834 [1] INFO Microsoft.EntityFrameworkCore.Database.Command - Executed DbCommand (1ms) [Parameters=[], CommandType='Text', CommandTimeout='30']
SELECT 1
2025-04-27 19:46:05,998 [1] INFO Microsoft.EntityFrameworkCore.Database.Command - Executed DbCommand (157ms) [Parameters=[], CommandType='Text', CommandTimeout='30']
SELECT OBJECT_ID(N'[__EFMigrationsHistory]');
2025-04-27 19:46:06,335 [1] INFO Microsoft.EntityFrameworkCore.Database.Command - Executed DbCommand (331ms) [Parameters=[], CommandType='Text', CommandTimeout='30']
SELECT [MigrationId], [ProductVersion]
FROM [__EFMigrationsHistory]
ORDER BY [MigrationId];
2025-04-27 19:46:06,614 [1] INFO Microsoft.EntityFrameworkCore.Migrations - Applying migration '20250427141435_init'.
2025-04-27 19:46:07,029 [1] INFO Microsoft.EntityFrameworkCore.Database.Command - Executed DbCommand (87ms) [Parameters=[], CommandType='Text', CommandTimeout='30']
CREATE TABLE [Users] (
    [Email] nvarchar(450) NOT NULL,
    [Password] varbinary(max) NOT NULL,
    [HashKey] varbinary(max) NOT NULL,
    [Role] nvarchar(max) NOT NULL,
    CONSTRAINT [PK_Users] PRIMARY KEY ([Email])
);
2025-04-27 19:46:07,105 [1] INFO Microsoft.EntityFrameworkCore.Database.Command - Executed DbCommand (75ms) [Parameters=[], CommandType='Text', CommandTimeout='30']
CREATE TABLE [Admins] (
    [Id] int NOT NULL IDENTITY,
    [Name] nvarchar(max) NOT NULL,
    [Email] nvarchar(450) NOT NULL,
    CONSTRAINT [PK_Admins] PRIMARY KEY ([Id]),
    CONSTRAINT [FK_Admins_Users_Email] FOREIGN KEY ([Email]) REFERENCES [Users] ([Email]) ON DELETE CASCADE
);
2025-04-27 19:46:07,192 [1] INFO Microsoft.EntityFrameworkCore.Database.Command - Executed DbCommand (87ms) [Parameters=[], CommandType='Text', CommandTimeout='30']
CREATE TABLE [Customers] (
    [Id] int NOT NULL IDENTITY,
    [Name] nvarchar(max) NOT NULL,
    [Gender] nvarchar(max) NOT NULL,
    [Email] nvarchar(450) NOT NULL,
    [Phone] nvarchar(max) NOT NULL,
    [Address] nvarchar(max) NOT NULL,
    [IdProofFileName] nvarchar(max) NULL,
    [IdProofData] varbinary(max) NULL,
    CONSTRAINT [PK_Customers] PRIMARY KEY ([Id]),
    CONSTRAINT [FK_Customers_Users_Email] FOREIGN KEY ([Email]) REFERENCES [Users] ([Email]) ON DELETE CASCADE
);
2025-04-27 19:46:07,226 [1] INFO Microsoft.EntityFrameworkCore.Database.Command - Executed DbCommand (33ms) [Parameters=[], CommandType='Text', CommandTimeout='30']
CREATE TABLE [HotelManagers] (
    [Id] int NOT NULL IDENTITY,
    [Name] nvarchar(max) NOT NULL,
    [Email] nvarchar(450) NOT NULL,
    [Password] nvarchar(max) NOT NULL,
    [Phone] nvarchar(max) NOT NULL,
    CONSTRAINT [PK_HotelManagers] PRIMARY KEY ([Id]),
    CONSTRAINT [FK_HotelManagers_Users_Email] FOREIGN KEY ([Email]) REFERENCES [Users] ([Email]) ON DELETE CASCADE
);
2025-04-27 19:46:07,232 [1] INFO Microsoft.EntityFrameworkCore.Database.Command - Executed DbCommand (5ms) [Parameters=[], CommandType='Text', CommandTimeout='30']
CREATE TABLE [Documents] (
    [DocumentId] int NOT NULL IDENTITY,
    [FileName] nvarchar(max) NOT NULL,
    [FileType] nvarchar(max) NOT NULL,
    [Data] varbinary(max) NOT NULL,
    [CustomerId] int NULL,
    CONSTRAINT [PK_Documents] PRIMARY KEY ([DocumentId]),
    CONSTRAINT [FK_Documents_Customers_CustomerId] FOREIGN KEY ([CustomerId]) REFERENCES [Customers] ([Id]) ON DELETE CASCADE
);
2025-04-27 19:46:07,239 [1] INFO Microsoft.EntityFrameworkCore.Database.Command - Executed DbCommand (7ms) [Parameters=[], CommandType='Text', CommandTimeout='30']
CREATE TABLE [Hotels] (
    [HotelId] int NOT NULL IDENTITY,
    [HotelName] nvarchar(max) NOT NULL,
    [Location] nvarchar(max) NOT NULL,
    [ContactNumber] nvarchar(max) NOT NULL,
    [Email] nvarchar(max) NOT NULL,
    [Description] nvarchar(max) NOT NULL,
    [PricePerNight] decimal(18,2) NOT NULL,
    [StarRating] int NOT NULL,
    [Amenities] nvarchar(max) NOT NULL,
    [Url] nvarchar(500) NOT NULL,
    [HotelManagerId] int NOT NULL,
    CONSTRAINT [PK_Hotels] PRIMARY KEY ([HotelId]),
    CONSTRAINT [FK_Hotels_HotelManagers_HotelManagerId] FOREIGN KEY ([HotelManagerId]) REFERENCES [HotelManagers] ([Id]) ON DELETE CASCADE
);
2025-04-27 19:46:07,847 [1] INFO Microsoft.EntityFrameworkCore.Database.Command - Executed DbCommand (22ms) [Parameters=[], CommandType='Text', CommandTimeout='30']
CREATE TABLE [Reviews] (
    [ReviewId] int NOT NULL IDENTITY,
    [Rating] int NOT NULL,
    [Comment] nvarchar(max) NOT NULL,
    [Date] datetime2 NOT NULL,
    [HotelId] int NOT NULL,
    [CustomerId] int NOT NULL,
    CONSTRAINT [PK_Reviews] PRIMARY KEY ([ReviewId]),
    CONSTRAINT [FK_Reviews_Customers_CustomerId] FOREIGN KEY ([CustomerId]) REFERENCES [Customers] ([Id]) ON DELETE CASCADE,
    CONSTRAINT [FK_Reviews_Hotels_HotelId] FOREIGN KEY ([HotelId]) REFERENCES [Hotels] ([HotelId]) ON DELETE NO ACTION
);
2025-04-27 19:46:07,869 [1] INFO Microsoft.EntityFrameworkCore.Database.Command - Executed DbCommand (21ms) [Parameters=[], CommandType='Text', CommandTimeout='30']
CREATE TABLE [Rooms] (
    [RoomId] int NOT NULL IDENTITY,
    [Type] nvarchar(max) NOT NULL,
    [Capacity] int NOT NULL,
    [PricePerNight] decimal(18,2) NOT NULL,
    [IsAvailable] bit NOT NULL,
    [Amenities] nvarchar(max) NOT NULL,
    [Description] nvarchar(max) NOT NULL,
    [Url] nvarchar(500) NOT NULL,
    [HotelId] int NOT NULL,
    CONSTRAINT [PK_Rooms] PRIMARY KEY ([RoomId]),
    CONSTRAINT [FK_Rooms_Hotels_HotelId] FOREIGN KEY ([HotelId]) REFERENCES [Hotels] ([HotelId]) ON DELETE CASCADE
);
2025-04-27 19:46:09,325 [1] INFO Microsoft.EntityFrameworkCore.Database.Command - Executed DbCommand (80ms) [Parameters=[], CommandType='Text', CommandTimeout='30']
CREATE TABLE [Bookings] (
    [BookingId] int NOT NULL IDENTITY,
    [CustomerId] int NOT NULL,
    [RoomId] int NOT NULL,
    [CheckInDate] datetime2 NOT NULL,
    [CheckOutDate] datetime2 NOT NULL,
    [Status] nvarchar(max) NOT NULL,
    [CreatedAt] datetime2 NOT NULL,
    CONSTRAINT [PK_Bookings] PRIMARY KEY ([BookingId]),
    CONSTRAINT [FK_Bookings_Customers_CustomerId] FOREIGN KEY ([CustomerId]) REFERENCES [Customers] ([Id]) ON DELETE CASCADE,
    CONSTRAINT [FK_Bookings_Rooms_RoomId] FOREIGN KEY ([RoomId]) REFERENCES [Rooms] ([RoomId]) ON DELETE NO ACTION
);
2025-04-27 19:46:09,378 [1] INFO Microsoft.EntityFrameworkCore.Database.Command - Executed DbCommand (53ms) [Parameters=[], CommandType='Text', CommandTimeout='30']
CREATE TABLE [Payments] (
    [PaymentId] int NOT NULL IDENTITY,
    [BookingId] int NOT NULL,
    [AmountPaid] decimal(18,2) NOT NULL,
    [PaymentDate] datetime2 NOT NULL,
    [PaymentMethod] nvarchar(max) NOT NULL,
    [Status] nvarchar(max) NOT NULL,
    [TransactionReference] nvarchar(max) NULL,
    CONSTRAINT [PK_Payments] PRIMARY KEY ([PaymentId]),
    CONSTRAINT [FK_Payments_Bookings_BookingId] FOREIGN KEY ([BookingId]) REFERENCES [Bookings] ([BookingId]) ON DELETE NO ACTION
);
2025-04-27 19:46:09,426 [1] INFO Microsoft.EntityFrameworkCore.Database.Command - Executed DbCommand (47ms) [Parameters=[], CommandType='Text', CommandTimeout='30']
CREATE TABLE [Refunds] (
    [RefundId] int NOT NULL IDENTITY,
    [PaymentId] int NOT NULL,
    [AmountRefunded] decimal(18,2) NOT NULL,
    [RefundDate] datetime2 NOT NULL,
    [Reason] nvarchar(max) NOT NULL,
    [Status] nvarchar(max) NOT NULL,
    CONSTRAINT [PK_Refunds] PRIMARY KEY ([RefundId]),
    CONSTRAINT [FK_Refunds_Payments_PaymentId] FOREIGN KEY ([PaymentId]) REFERENCES [Payments] ([PaymentId]) ON DELETE NO ACTION
);
2025-04-27 19:46:10,725 [1] INFO Microsoft.EntityFrameworkCore.Database.Command - Executed DbCommand (161ms) [Parameters=[], CommandType='Text', CommandTimeout='30']
CREATE UNIQUE INDEX [IX_Admins_Email] ON [Admins] ([Email]);
2025-04-27 19:46:10,750 [1] INFO Microsoft.EntityFrameworkCore.Database.Command - Executed DbCommand (24ms) [Parameters=[], CommandType='Text', CommandTimeout='30']
CREATE INDEX [IX_Bookings_CustomerId] ON [Bookings] ([CustomerId]);
2025-04-27 19:46:10,795 [1] INFO Microsoft.EntityFrameworkCore.Database.Command - Executed DbCommand (44ms) [Parameters=[], CommandType='Text', CommandTimeout='30']
CREATE INDEX [IX_Bookings_RoomId] ON [Bookings] ([RoomId]);
2025-04-27 19:46:10,798 [1] INFO Microsoft.EntityFrameworkCore.Database.Command - Executed DbCommand (2ms) [Parameters=[], CommandType='Text', CommandTimeout='30']
CREATE UNIQUE INDEX [IX_Customers_Email] ON [Customers] ([Email]);
2025-04-27 19:46:10,800 [1] INFO Microsoft.EntityFrameworkCore.Database.Command - Executed DbCommand (2ms) [Parameters=[], CommandType='Text', CommandTimeout='30']
CREATE INDEX [IX_Documents_CustomerId] ON [Documents] ([CustomerId]);
2025-04-27 19:46:10,908 [1] INFO Microsoft.EntityFrameworkCore.Database.Command - Executed DbCommand (108ms) [Parameters=[], CommandType='Text', CommandTimeout='30']
CREATE UNIQUE INDEX [IX_HotelManagers_Email] ON [HotelManagers] ([Email]);
2025-04-27 19:46:10,910 [1] INFO Microsoft.EntityFrameworkCore.Database.Command - Executed DbCommand (2ms) [Parameters=[], CommandType='Text', CommandTimeout='30']
CREATE UNIQUE INDEX [IX_Hotels_HotelManagerId] ON [Hotels] ([HotelManagerId]);
2025-04-27 19:46:10,929 [1] INFO Microsoft.EntityFrameworkCore.Database.Command - Executed DbCommand (18ms) [Parameters=[], CommandType='Text', CommandTimeout='30']
CREATE INDEX [IX_Payments_BookingId] ON [Payments] ([BookingId]);
2025-04-27 19:46:10,932 [1] INFO Microsoft.EntityFrameworkCore.Database.Command - Executed DbCommand (3ms) [Parameters=[], CommandType='Text', CommandTimeout='30']
CREATE INDEX [IX_Refunds_PaymentId] ON [Refunds] ([PaymentId]);
2025-04-27 19:46:10,934 [1] INFO Microsoft.EntityFrameworkCore.Database.Command - Executed DbCommand (1ms) [Parameters=[], CommandType='Text', CommandTimeout='30']
CREATE INDEX [IX_Reviews_CustomerId] ON [Reviews] ([CustomerId]);
2025-04-27 19:46:12,983 [1] INFO Microsoft.EntityFrameworkCore.Database.Command - Executed DbCommand (51ms) [Parameters=[], CommandType='Text', CommandTimeout='30']
CREATE INDEX [IX_Reviews_HotelId] ON [Reviews] ([HotelId]);
2025-04-27 19:46:12,985 [1] INFO Microsoft.EntityFrameworkCore.Database.Command - Executed DbCommand (2ms) [Parameters=[], CommandType='Text', CommandTimeout='30']
CREATE INDEX [IX_Rooms_HotelId] ON [Rooms] ([HotelId]);
2025-04-27 19:46:13,104 [1] INFO Microsoft.EntityFrameworkCore.Database.Command - Executed DbCommand (119ms) [Parameters=[], CommandType='Text', CommandTimeout='30']
INSERT INTO [__EFMigrationsHistory] ([MigrationId], [ProductVersion])
VALUES (N'20250427141435_init', N'8.0.14');
2025-04-27 19:47:47,866 [1] INFO Microsoft.Hosting.Lifetime - Now listening on: http://localhost:5012
2025-04-27 19:47:48,255 [1] INFO Microsoft.Hosting.Lifetime - Application started. Press Ctrl+C to shut down.
2025-04-27 19:47:48,261 [1] INFO Microsoft.Hosting.Lifetime - Hosting environment: Development
2025-04-27 19:47:48,266 [1] INFO Microsoft.Hosting.Lifetime - Content root path: C:\Users\sivab\source\repos\CozyHavenStay\CozyHavenStay
2025-04-27 19:49:15,193 [.NET TP Worker] WARN Microsoft.EntityFrameworkCore.Model.Validation - No store type was specified for the decimal property 'PricePerNight' on entity type 'Hotel'. This will cause values to be silently truncated if they do not fit in the default precision and scale. Explicitly specify the SQL server column type that can accommodate all the values in 'OnModelCreating' using 'HasColumnType', specify precision and scale using 'HasPrecision', or configure a value converter using 'HasConversion'.
2025-04-27 19:49:15,205 [.NET TP Worker] WARN Microsoft.EntityFrameworkCore.Model.Validation - No store type was specified for the decimal property 'AmountPaid' on entity type 'Payment'. This will cause values to be silently truncated if they do not fit in the default precision and scale. Explicitly specify the SQL server column type that can accommodate all the values in 'OnModelCreating' using 'HasColumnType', specify precision and scale using 'HasPrecision', or configure a value converter using 'HasConversion'.
2025-04-27 19:49:15,297 [.NET TP Worker] WARN Microsoft.EntityFrameworkCore.Model.Validation - No store type was specified for the decimal property 'AmountRefunded' on entity type 'Refund'. This will cause values to be silently truncated if they do not fit in the default precision and scale. Explicitly specify the SQL server column type that can accommodate all the values in 'OnModelCreating' using 'HasColumnType', specify precision and scale using 'HasPrecision', or configure a value converter using 'HasConversion'.
2025-04-27 19:49:15,304 [.NET TP Worker] WARN Microsoft.EntityFrameworkCore.Model.Validation - No store type was specified for the decimal property 'PricePerNight' on entity type 'Room'. This will cause values to be silently truncated if they do not fit in the default precision and scale. Explicitly specify the SQL server column type that can accommodate all the values in 'OnModelCreating' using 'HasColumnType', specify precision and scale using 'HasPrecision', or configure a value converter using 'HasConversion'.
2025-04-27 19:49:20,207 [.NET TP Worker] INFO Microsoft.EntityFrameworkCore.Database.Command - Executed DbCommand (404ms) [Parameters=[], CommandType='Text', CommandTimeout='30']
SELECT COUNT(*)
FROM [Users] AS [u]
2025-04-27 19:49:29,558 [.NET TP Worker] ERROR Microsoft.AspNetCore.Diagnostics.DeveloperExceptionPageMiddleware - An unhandled exception has occurred while executing the request.
System.Exception: No users found
   at CozyHavenStay.Repositories.UserRepository.GetAll() in C:\Users\sivab\source\repos\CozyHavenStay\CozyHavenStay\Repositories\UserRepository.cs:line 16
   at CozyHavenStay.Services.HotelManagerService.CreateHotelManager(CreateHotelManagerRequest request) in C:\Users\sivab\source\repos\CozyHavenStay\CozyHavenStay\Services\HotelManagerService.cs:line 22
   at CozyHavenStay.Controllers.HotelManagerController.Create(CreateHotelManagerRequest request) in C:\Users\sivab\source\repos\CozyHavenStay\CozyHavenStay\Controllers\HotelManagerController.cs:line 24
   at lambda_method6(Closure, Object)
   at Microsoft.AspNetCore.Mvc.Infrastructure.ActionMethodExecutor.AwaitableObjectResultExecutor.Execute(ActionContext actionContext, IActionResultTypeMapper mapper, ObjectMethodExecutor executor, Object controller, Object[] arguments)
   at Microsoft.AspNetCore.Mvc.Infrastructure.ControllerActionInvoker.<InvokeActionMethodAsync>g__Awaited|12_0(ControllerActionInvoker invoker, ValueTask`1 actionResultValueTask)
   at Microsoft.AspNetCore.Mvc.Infrastructure.ControllerActionInvoker.<InvokeNextActionFilterAsync>g__Awaited|10_0(ControllerActionInvoker invoker, Task lastTask, State next, Scope scope, Object state, Boolean isCompleted)
   at Microsoft.AspNetCore.Mvc.Infrastructure.ControllerActionInvoker.Rethrow(ActionExecutedContextSealed context)
   at Microsoft.AspNetCore.Mvc.Infrastructure.ControllerActionInvoker.Next(State& next, Scope& scope, Object& state, Boolean& isCompleted)
   at Microsoft.AspNetCore.Mvc.Infrastructure.ControllerActionInvoker.InvokeInnerFilterAsync()
--- End of stack trace from previous location ---
   at Microsoft.AspNetCore.Mvc.Infrastructure.ResourceInvoker.<InvokeFilterPipelineAsync>g__Awaited|20_0(ResourceInvoker invoker, Task lastTask, State next, Scope scope, Object state, Boolean isCompleted)
   at Microsoft.AspNetCore.Mvc.Infrastructure.ResourceInvoker.<InvokeAsync>g__Awaited|17_0(ResourceInvoker invoker, Task task, IDisposable scope)
   at Microsoft.AspNetCore.Mvc.Infrastructure.ResourceInvoker.<InvokeAsync>g__Awaited|17_0(ResourceInvoker invoker, Task task, IDisposable scope)
   at Microsoft.AspNetCore.Authorization.AuthorizationMiddleware.Invoke(HttpContext context)
   at Microsoft.AspNetCore.Authentication.AuthenticationMiddleware.Invoke(HttpContext context)
   at Swashbuckle.AspNetCore.SwaggerUI.SwaggerUIMiddleware.Invoke(HttpContext httpContext)
   at Swashbuckle.AspNetCore.Swagger.SwaggerMiddleware.Invoke(HttpContext httpContext, ISwaggerProvider swaggerProvider)
   at Microsoft.AspNetCore.Diagnostics.DeveloperExceptionPageMiddlewareImpl.Invoke(HttpContext context)
2025-04-27 19:51:52,108 [.NET TP Worker] INFO Microsoft.EntityFrameworkCore.Database.Command - Executed DbCommand (288ms) [Parameters=[], CommandType='Text', CommandTimeout='30']
SELECT COUNT(*)
FROM [Users] AS [u]
2025-04-27 19:51:52,547 [.NET TP Worker] ERROR Microsoft.AspNetCore.Diagnostics.DeveloperExceptionPageMiddleware - An unhandled exception has occurred while executing the request.
System.Exception: No users found
   at CozyHavenStay.Repositories.UserRepository.GetAll() in C:\Users\sivab\source\repos\CozyHavenStay\CozyHavenStay\Repositories\UserRepository.cs:line 16
   at CozyHavenStay.Services.HotelManagerService.CreateHotelManager(CreateHotelManagerRequest request) in C:\Users\sivab\source\repos\CozyHavenStay\CozyHavenStay\Services\HotelManagerService.cs:line 22
   at CozyHavenStay.Controllers.HotelManagerController.Create(CreateHotelManagerRequest request) in C:\Users\sivab\source\repos\CozyHavenStay\CozyHavenStay\Controllers\HotelManagerController.cs:line 24
   at lambda_method6(Closure, Object)
   at Microsoft.AspNetCore.Mvc.Infrastructure.ActionMethodExecutor.AwaitableObjectResultExecutor.Execute(ActionContext actionContext, IActionResultTypeMapper mapper, ObjectMethodExecutor executor, Object controller, Object[] arguments)
   at Microsoft.AspNetCore.Mvc.Infrastructure.ControllerActionInvoker.<InvokeActionMethodAsync>g__Awaited|12_0(ControllerActionInvoker invoker, ValueTask`1 actionResultValueTask)
   at Microsoft.AspNetCore.Mvc.Infrastructure.ControllerActionInvoker.<InvokeNextActionFilterAsync>g__Awaited|10_0(ControllerActionInvoker invoker, Task lastTask, State next, Scope scope, Object state, Boolean isCompleted)
   at Microsoft.AspNetCore.Mvc.Infrastructure.ControllerActionInvoker.Rethrow(ActionExecutedContextSealed context)
   at Microsoft.AspNetCore.Mvc.Infrastructure.ControllerActionInvoker.Next(State& next, Scope& scope, Object& state, Boolean& isCompleted)
   at Microsoft.AspNetCore.Mvc.Infrastructure.ControllerActionInvoker.InvokeInnerFilterAsync()
--- End of stack trace from previous location ---
   at Microsoft.AspNetCore.Mvc.Infrastructure.ResourceInvoker.<InvokeFilterPipelineAsync>g__Awaited|20_0(ResourceInvoker invoker, Task lastTask, State next, Scope scope, Object state, Boolean isCompleted)
   at Microsoft.AspNetCore.Mvc.Infrastructure.ResourceInvoker.<InvokeAsync>g__Awaited|17_0(ResourceInvoker invoker, Task task, IDisposable scope)
   at Microsoft.AspNetCore.Mvc.Infrastructure.ResourceInvoker.<InvokeAsync>g__Awaited|17_0(ResourceInvoker invoker, Task task, IDisposable scope)
   at Microsoft.AspNetCore.Authorization.AuthorizationMiddleware.Invoke(HttpContext context)
   at Microsoft.AspNetCore.Authentication.AuthenticationMiddleware.Invoke(HttpContext context)
   at Swashbuckle.AspNetCore.SwaggerUI.SwaggerUIMiddleware.Invoke(HttpContext httpContext)
   at Swashbuckle.AspNetCore.Swagger.SwaggerMiddleware.Invoke(HttpContext httpContext, ISwaggerProvider swaggerProvider)
   at Microsoft.AspNetCore.Diagnostics.DeveloperExceptionPageMiddlewareImpl.Invoke(HttpContext context)
2025-04-27 19:51:59,531 [.NET TP Worker] INFO Microsoft.EntityFrameworkCore.Database.Command - Executed DbCommand (5ms) [Parameters=[], CommandType='Text', CommandTimeout='30']
SELECT COUNT(*)
FROM [Users] AS [u]
2025-04-27 19:51:59,850 [.NET TP Worker] ERROR Microsoft.AspNetCore.Diagnostics.DeveloperExceptionPageMiddleware - An unhandled exception has occurred while executing the request.
System.Exception: No users found
   at CozyHavenStay.Repositories.UserRepository.GetAll() in C:\Users\sivab\source\repos\CozyHavenStay\CozyHavenStay\Repositories\UserRepository.cs:line 16
   at CozyHavenStay.Services.HotelManagerService.CreateHotelManager(CreateHotelManagerRequest request) in C:\Users\sivab\source\repos\CozyHavenStay\CozyHavenStay\Services\HotelManagerService.cs:line 22
   at CozyHavenStay.Controllers.HotelManagerController.Create(CreateHotelManagerRequest request) in C:\Users\sivab\source\repos\CozyHavenStay\CozyHavenStay\Controllers\HotelManagerController.cs:line 24
   at lambda_method6(Closure, Object)
   at Microsoft.AspNetCore.Mvc.Infrastructure.ActionMethodExecutor.AwaitableObjectResultExecutor.Execute(ActionContext actionContext, IActionResultTypeMapper mapper, ObjectMethodExecutor executor, Object controller, Object[] arguments)
   at Microsoft.AspNetCore.Mvc.Infrastructure.ControllerActionInvoker.<InvokeActionMethodAsync>g__Awaited|12_0(ControllerActionInvoker invoker, ValueTask`1 actionResultValueTask)
   at Microsoft.AspNetCore.Mvc.Infrastructure.ControllerActionInvoker.<InvokeNextActionFilterAsync>g__Awaited|10_0(ControllerActionInvoker invoker, Task lastTask, State next, Scope scope, Object state, Boolean isCompleted)
   at Microsoft.AspNetCore.Mvc.Infrastructure.ControllerActionInvoker.Rethrow(ActionExecutedContextSealed context)
   at Microsoft.AspNetCore.Mvc.Infrastructure.ControllerActionInvoker.Next(State& next, Scope& scope, Object& state, Boolean& isCompleted)
   at Microsoft.AspNetCore.Mvc.Infrastructure.ControllerActionInvoker.InvokeInnerFilterAsync()
--- End of stack trace from previous location ---
   at Microsoft.AspNetCore.Mvc.Infrastructure.ResourceInvoker.<InvokeFilterPipelineAsync>g__Awaited|20_0(ResourceInvoker invoker, Task lastTask, State next, Scope scope, Object state, Boolean isCompleted)
   at Microsoft.AspNetCore.Mvc.Infrastructure.ResourceInvoker.<InvokeAsync>g__Awaited|17_0(ResourceInvoker invoker, Task task, IDisposable scope)
   at Microsoft.AspNetCore.Mvc.Infrastructure.ResourceInvoker.<InvokeAsync>g__Awaited|17_0(ResourceInvoker invoker, Task task, IDisposable scope)
   at Microsoft.AspNetCore.Authorization.AuthorizationMiddleware.Invoke(HttpContext context)
   at Microsoft.AspNetCore.Authentication.AuthenticationMiddleware.Invoke(HttpContext context)
   at Swashbuckle.AspNetCore.SwaggerUI.SwaggerUIMiddleware.Invoke(HttpContext httpContext)
   at Swashbuckle.AspNetCore.Swagger.SwaggerMiddleware.Invoke(HttpContext httpContext, ISwaggerProvider swaggerProvider)
   at Microsoft.AspNetCore.Diagnostics.DeveloperExceptionPageMiddlewareImpl.Invoke(HttpContext context)
2025-04-27 19:56:17,123 [.NET TP Worker] INFO Microsoft.EntityFrameworkCore.Database.Command - Executed DbCommand (1,490ms) [Parameters=[@p0='?' (Size = 450), @p1='?' (Size = 8000) (DbType = Binary), @p2='?' (Size = 8000) (DbType = Binary), @p3='?' (Size = 4000)], CommandType='Text', CommandTimeout='30']
SET IMPLICIT_TRANSACTIONS OFF;
SET NOCOUNT ON;
INSERT INTO [Users] ([Email], [HashKey], [Password], [Role])
VALUES (@p0, @p1, @p2, @p3);
2025-04-27 19:56:17,703 [.NET TP Worker] INFO Microsoft.EntityFrameworkCore.Database.Command - Executed DbCommand (328ms) [Parameters=[@p0='?' (Size = 4000), @p1='?' (Size = 450), @p2='?' (Size = 4000), @p3='?' (Size = 8000) (DbType = Binary), @p4='?' (Size = 4000), @p5='?' (Size = 4000), @p6='?' (Size = 4000)], CommandType='Text', CommandTimeout='30']
SET IMPLICIT_TRANSACTIONS OFF;
SET NOCOUNT ON;
INSERT INTO [Customers] ([Address], [Email], [Gender], [IdProofData], [IdProofFileName], [Name], [Phone])
OUTPUT INSERTED.[Id]
VALUES (@p0, @p1, @p2, @p3, @p4, @p5, @p6);
2025-04-27 20:00:39,070 [.NET TP Worker] INFO Microsoft.EntityFrameworkCore.Database.Command - Executed DbCommand (236ms) [Parameters=[], CommandType='Text', CommandTimeout='30']
SELECT COUNT(*)
FROM [Users] AS [u]
2025-04-27 20:00:39,351 [.NET TP Worker] INFO Microsoft.EntityFrameworkCore.Database.Command - Executed DbCommand (85ms) [Parameters=[], CommandType='Text', CommandTimeout='30']
SELECT [u].[Email], [u].[HashKey], [u].[Password], [u].[Role]
FROM [Users] AS [u]
2025-04-27 20:00:39,440 [.NET TP Worker] INFO Microsoft.EntityFrameworkCore.Database.Command - Executed DbCommand (6ms) [Parameters=[@p0='?' (Size = 450), @p1='?' (Size = 8000) (DbType = Binary), @p2='?' (Size = 8000) (DbType = Binary), @p3='?' (Size = 4000)], CommandType='Text', CommandTimeout='30']
SET IMPLICIT_TRANSACTIONS OFF;
SET NOCOUNT ON;
INSERT INTO [Users] ([Email], [HashKey], [Password], [Role])
VALUES (@p0, @p1, @p2, @p3);
2025-04-27 20:00:39,621 [.NET TP Worker] INFO Microsoft.EntityFrameworkCore.Database.Command - Executed DbCommand (114ms) [Parameters=[@p0='?' (Size = 450), @p1='?' (Size = 4000), @p2='?' (Size = 4000), @p3='?' (Size = 4000)], CommandType='Text', CommandTimeout='30']
SET IMPLICIT_TRANSACTIONS OFF;
SET NOCOUNT ON;
INSERT INTO [HotelManagers] ([Email], [Name], [Password], [Phone])
OUTPUT INSERTED.[Id]
VALUES (@p0, @p1, @p2, @p3);
2025-04-27 20:01:34,416 [.NET TP Worker] INFO Microsoft.EntityFrameworkCore.Database.Command - Executed DbCommand (104ms) [Parameters=[], CommandType='Text', CommandTimeout='30']
SELECT COUNT(*)
FROM [Users] AS [u]
2025-04-27 20:01:34,424 [.NET TP Worker] INFO Microsoft.EntityFrameworkCore.Database.Command - Executed DbCommand (3ms) [Parameters=[], CommandType='Text', CommandTimeout='30']
SELECT [u].[Email], [u].[HashKey], [u].[Password], [u].[Role]
FROM [Users] AS [u]
2025-04-27 20:01:34,436 [.NET TP Worker] INFO Microsoft.EntityFrameworkCore.Database.Command - Executed DbCommand (4ms) [Parameters=[@p0='?' (Size = 450), @p1='?' (Size = 8000) (DbType = Binary), @p2='?' (Size = 8000) (DbType = Binary), @p3='?' (Size = 4000)], CommandType='Text', CommandTimeout='30']
SET IMPLICIT_TRANSACTIONS OFF;
SET NOCOUNT ON;
INSERT INTO [Users] ([Email], [HashKey], [Password], [Role])
VALUES (@p0, @p1, @p2, @p3);
2025-04-27 20:01:34,602 [.NET TP Worker] INFO Microsoft.EntityFrameworkCore.Database.Command - Executed DbCommand (140ms) [Parameters=[@p0='?' (Size = 450), @p1='?' (Size = 4000), @p2='?' (Size = 4000), @p3='?' (Size = 4000)], CommandType='Text', CommandTimeout='30']
SET IMPLICIT_TRANSACTIONS OFF;
SET NOCOUNT ON;
INSERT INTO [HotelManagers] ([Email], [Name], [Password], [Phone])
OUTPUT INSERTED.[Id]
VALUES (@p0, @p1, @p2, @p3);
2025-04-27 20:12:11,677 [1] INFO Microsoft.Hosting.Lifetime - Now listening on: http://localhost:5012
2025-04-27 20:12:12,219 [1] INFO Microsoft.Hosting.Lifetime - Application started. Press Ctrl+C to shut down.
2025-04-27 20:12:12,231 [1] INFO Microsoft.Hosting.Lifetime - Hosting environment: Development
2025-04-27 20:12:12,236 [1] INFO Microsoft.Hosting.Lifetime - Content root path: C:\Users\sivab\source\repos\CozyHavenStay\CozyHavenStay
2025-04-27 20:15:51,099 [.NET TP Worker] WARN Microsoft.EntityFrameworkCore.Model.Validation - No store type was specified for the decimal property 'PricePerNight' on entity type 'Hotel'. This will cause values to be silently truncated if they do not fit in the default precision and scale. Explicitly specify the SQL server column type that can accommodate all the values in 'OnModelCreating' using 'HasColumnType', specify precision and scale using 'HasPrecision', or configure a value converter using 'HasConversion'.
2025-04-27 20:15:51,106 [.NET TP Worker] WARN Microsoft.EntityFrameworkCore.Model.Validation - No store type was specified for the decimal property 'AmountPaid' on entity type 'Payment'. This will cause values to be silently truncated if they do not fit in the default precision and scale. Explicitly specify the SQL server column type that can accommodate all the values in 'OnModelCreating' using 'HasColumnType', specify precision and scale using 'HasPrecision', or configure a value converter using 'HasConversion'.
2025-04-27 20:15:51,112 [.NET TP Worker] WARN Microsoft.EntityFrameworkCore.Model.Validation - No store type was specified for the decimal property 'AmountRefunded' on entity type 'Refund'. This will cause values to be silently truncated if they do not fit in the default precision and scale. Explicitly specify the SQL server column type that can accommodate all the values in 'OnModelCreating' using 'HasColumnType', specify precision and scale using 'HasPrecision', or configure a value converter using 'HasConversion'.
2025-04-27 20:15:51,118 [.NET TP Worker] WARN Microsoft.EntityFrameworkCore.Model.Validation - No store type was specified for the decimal property 'PricePerNight' on entity type 'Room'. This will cause values to be silently truncated if they do not fit in the default precision and scale. Explicitly specify the SQL server column type that can accommodate all the values in 'OnModelCreating' using 'HasColumnType', specify precision and scale using 'HasPrecision', or configure a value converter using 'HasConversion'.
2025-04-27 20:15:55,657 [.NET TP Worker] INFO Microsoft.EntityFrameworkCore.Database.Command - Executed DbCommand (1,450ms) [Parameters=[@__id_0='?' (Size = 450)], CommandType='Text', CommandTimeout='30']
SELECT TOP(2) [u].[Email], [u].[HashKey], [u].[Password], [u].[Role]
FROM [Users] AS [u]
WHERE [u].[Email] = @__id_0
2025-04-27 20:15:56,623 [.NET TP Worker] INFO Microsoft.EntityFrameworkCore.Database.Command - Executed DbCommand (374ms) [Parameters=[], CommandType='Text', CommandTimeout='30']
SELECT [h].[Id], [h].[Email], [h].[Name], [h].[Password], [h].[Phone], [h0].[HotelId], [h0].[Amenities], [h0].[ContactNumber], [h0].[Description], [h0].[Email], [h0].[HotelManagerId], [h0].[HotelName], [h0].[Location], [h0].[PricePerNight], [h0].[StarRating], [h0].[Url]
FROM [HotelManagers] AS [h]
LEFT JOIN [Hotels] AS [h0] ON [h].[Id] = [h0].[HotelManagerId]
2025-04-27 20:16:50,154 [.NET TP Worker] INFO Microsoft.EntityFrameworkCore.Database.Command - Executed DbCommand (1,387ms) [Parameters=[@p0='?' (Size = 4000), @p1='?' (Size = 4000), @p2='?' (Size = 4000), @p3='?' (Size = 4000), @p4='?' (DbType = Int32), @p5='?' (Size = 4000), @p6='?' (Size = 4000), @p7='?' (Precision = 18) (Scale = 2) (DbType = Decimal), @p8='?' (DbType = Int32), @p9='?' (Size = 500)], CommandType='Text', CommandTimeout='30']
SET IMPLICIT_TRANSACTIONS OFF;
SET NOCOUNT ON;
INSERT INTO [Hotels] ([Amenities], [ContactNumber], [Description], [Email], [HotelManagerId], [HotelName], [Location], [PricePerNight], [StarRating], [Url])
OUTPUT INSERTED.[HotelId]
VALUES (@p0, @p1, @p2, @p3, @p4, @p5, @p6, @p7, @p8, @p9);
2025-04-27 20:22:19,727 [.NET TP Worker] INFO Microsoft.EntityFrameworkCore.Database.Command - Executed DbCommand (316ms) [Parameters=[@p0='?' (Size = 4000), @p1='?' (Size = 4000), @p2='?' (Size = 4000), @p3='?' (Size = 4000), @p4='?' (DbType = Int32), @p5='?' (Size = 4000), @p6='?' (Size = 4000), @p7='?' (Precision = 18) (Scale = 2) (DbType = Decimal), @p8='?' (DbType = Int32), @p9='?' (Size = 500)], CommandType='Text', CommandTimeout='30']
SET IMPLICIT_TRANSACTIONS OFF;
SET NOCOUNT ON;
INSERT INTO [Hotels] ([Amenities], [ContactNumber], [Description], [Email], [HotelManagerId], [HotelName], [Location], [PricePerNight], [StarRating], [Url])
OUTPUT INSERTED.[HotelId]
VALUES (@p0, @p1, @p2, @p3, @p4, @p5, @p6, @p7, @p8, @p9);
2025-04-27 20:23:34,483 [.NET TP Worker] WARN Microsoft.EntityFrameworkCore.Query - Compiling a query which loads related collections for more than one collection navigation, either via 'Include' or through projection, but no 'QuerySplittingBehavior' has been configured. By default, Entity Framework will use 'QuerySplittingBehavior.SingleQuery', which can potentially result in slow query performance. See https://go.microsoft.com/fwlink/?linkid=2134277 for more information. To identify the query that's triggering this warning call 'ConfigureWarnings(w => w.Throw(RelationalEventId.MultipleCollectionIncludeWarning))'.
2025-04-27 20:23:35,189 [.NET TP Worker] INFO Microsoft.EntityFrameworkCore.Database.Command - Executed DbCommand (665ms) [Parameters=[], CommandType='Text', CommandTimeout='30']
SELECT [h].[HotelId], [h].[Amenities], [h].[ContactNumber], [h].[Description], [h].[Email], [h].[HotelManagerId], [h].[HotelName], [h].[Location], [h].[PricePerNight], [h].[StarRating], [h].[Url], [h0].[Id], [r].[RoomId], [r].[Amenities], [r].[Capacity], [r].[Description], [r].[HotelId], [r].[IsAvailable], [r].[PricePerNight], [r].[Type], [r].[Url], [r0].[ReviewId], [r0].[Comment], [r0].[CustomerId], [r0].[Date], [r0].[HotelId], [r0].[Rating], [h0].[Email], [h0].[Name], [h0].[Password], [h0].[Phone]
FROM [Hotels] AS [h]
INNER JOIN [HotelManagers] AS [h0] ON [h].[HotelManagerId] = [h0].[Id]
LEFT JOIN [Rooms] AS [r] ON [h].[HotelId] = [r].[HotelId]
LEFT JOIN [Reviews] AS [r0] ON [h].[HotelId] = [r0].[HotelId]
ORDER BY [h].[HotelId], [h0].[Id], [r].[RoomId]
2025-04-27 20:23:54,141 [.NET TP Worker] INFO Microsoft.EntityFrameworkCore.Database.Command - Executed DbCommand (200ms) [Parameters=[], CommandType='Text', CommandTimeout='30']
SELECT [h].[HotelId], [h].[Amenities], [h].[ContactNumber], [h].[Description], [h].[Email], [h].[HotelManagerId], [h].[HotelName], [h].[Location], [h].[PricePerNight], [h].[StarRating], [h].[Url], [h0].[Id], [r].[RoomId], [r].[Amenities], [r].[Capacity], [r].[Description], [r].[HotelId], [r].[IsAvailable], [r].[PricePerNight], [r].[Type], [r].[Url], [r0].[ReviewId], [r0].[Comment], [r0].[CustomerId], [r0].[Date], [r0].[HotelId], [r0].[Rating], [h0].[Email], [h0].[Name], [h0].[Password], [h0].[Phone]
FROM [Hotels] AS [h]
INNER JOIN [HotelManagers] AS [h0] ON [h].[HotelManagerId] = [h0].[Id]
LEFT JOIN [Rooms] AS [r] ON [h].[HotelId] = [r].[HotelId]
LEFT JOIN [Reviews] AS [r0] ON [h].[HotelId] = [r0].[HotelId]
ORDER BY [h].[HotelId], [h0].[Id], [r].[RoomId]
2025-04-27 20:24:05,753 [.NET TP Worker] INFO Microsoft.EntityFrameworkCore.Database.Command - Executed DbCommand (16ms) [Parameters=[], CommandType='Text', CommandTimeout='30']
SELECT [h].[HotelId], [h].[Amenities], [h].[ContactNumber], [h].[Description], [h].[Email], [h].[HotelManagerId], [h].[HotelName], [h].[Location], [h].[PricePerNight], [h].[StarRating], [h].[Url], [h0].[Id], [r].[RoomId], [r].[Amenities], [r].[Capacity], [r].[Description], [r].[HotelId], [r].[IsAvailable], [r].[PricePerNight], [r].[Type], [r].[Url], [r0].[ReviewId], [r0].[Comment], [r0].[CustomerId], [r0].[Date], [r0].[HotelId], [r0].[Rating], [h0].[Email], [h0].[Name], [h0].[Password], [h0].[Phone]
FROM [Hotels] AS [h]
INNER JOIN [HotelManagers] AS [h0] ON [h].[HotelManagerId] = [h0].[Id]
LEFT JOIN [Rooms] AS [r] ON [h].[HotelId] = [r].[HotelId]
LEFT JOIN [Reviews] AS [r0] ON [h].[HotelId] = [r0].[HotelId]
ORDER BY [h].[HotelId], [h0].[Id], [r].[RoomId]
2025-04-27 20:24:25,260 [.NET TP Worker] INFO Microsoft.EntityFrameworkCore.Database.Command - Executed DbCommand (16ms) [Parameters=[], CommandType='Text', CommandTimeout='30']
SELECT [h].[HotelId], [h].[Amenities], [h].[ContactNumber], [h].[Description], [h].[Email], [h].[HotelManagerId], [h].[HotelName], [h].[Location], [h].[PricePerNight], [h].[StarRating], [h].[Url], [h0].[Id], [r].[RoomId], [r].[Amenities], [r].[Capacity], [r].[Description], [r].[HotelId], [r].[IsAvailable], [r].[PricePerNight], [r].[Type], [r].[Url], [r0].[ReviewId], [r0].[Comment], [r0].[CustomerId], [r0].[Date], [r0].[HotelId], [r0].[Rating], [h0].[Email], [h0].[Name], [h0].[Password], [h0].[Phone]
FROM [Hotels] AS [h]
INNER JOIN [HotelManagers] AS [h0] ON [h].[HotelManagerId] = [h0].[Id]
LEFT JOIN [Rooms] AS [r] ON [h].[HotelId] = [r].[HotelId]
LEFT JOIN [Reviews] AS [r0] ON [h].[HotelId] = [r0].[HotelId]
ORDER BY [h].[HotelId], [h0].[Id], [r].[RoomId]
2025-04-27 20:25:00,949 [.NET TP Worker] INFO Microsoft.EntityFrameworkCore.Database.Command - Executed DbCommand (15ms) [Parameters=[], CommandType='Text', CommandTimeout='30']
SELECT [h].[HotelId], [h].[Amenities], [h].[ContactNumber], [h].[Description], [h].[Email], [h].[HotelManagerId], [h].[HotelName], [h].[Location], [h].[PricePerNight], [h].[StarRating], [h].[Url], [h0].[Id], [r].[RoomId], [r].[Amenities], [r].[Capacity], [r].[Description], [r].[HotelId], [r].[IsAvailable], [r].[PricePerNight], [r].[Type], [r].[Url], [r0].[ReviewId], [r0].[Comment], [r0].[CustomerId], [r0].[Date], [r0].[HotelId], [r0].[Rating], [h0].[Email], [h0].[Name], [h0].[Password], [h0].[Phone]
FROM [Hotels] AS [h]
INNER JOIN [HotelManagers] AS [h0] ON [h].[HotelManagerId] = [h0].[Id]
LEFT JOIN [Rooms] AS [r] ON [h].[HotelId] = [r].[HotelId]
LEFT JOIN [Reviews] AS [r0] ON [h].[HotelId] = [r0].[HotelId]
ORDER BY [h].[HotelId], [h0].[Id], [r].[RoomId]
2025-04-28 07:56:31,055 [1] INFO Microsoft.Hosting.Lifetime - Now listening on: http://localhost:5012
2025-04-28 07:56:31,507 [1] INFO Microsoft.Hosting.Lifetime - Application started. Press Ctrl+C to shut down.
2025-04-28 07:56:31,510 [1] INFO Microsoft.Hosting.Lifetime - Hosting environment: Development
2025-04-28 07:56:31,512 [1] INFO Microsoft.Hosting.Lifetime - Content root path: C:\Users\sivab\source\repos\CozyHavenStay\CozyHavenStay
2025-04-28 07:58:39,756 [.NET TP Worker] WARN Microsoft.EntityFrameworkCore.Model.Validation - No store type was specified for the decimal property 'PricePerNight' on entity type 'Hotel'. This will cause values to be silently truncated if they do not fit in the default precision and scale. Explicitly specify the SQL server column type that can accommodate all the values in 'OnModelCreating' using 'HasColumnType', specify precision and scale using 'HasPrecision', or configure a value converter using 'HasConversion'.
2025-04-28 07:58:39,761 [.NET TP Worker] WARN Microsoft.EntityFrameworkCore.Model.Validation - No store type was specified for the decimal property 'AmountPaid' on entity type 'Payment'. This will cause values to be silently truncated if they do not fit in the default precision and scale. Explicitly specify the SQL server column type that can accommodate all the values in 'OnModelCreating' using 'HasColumnType', specify precision and scale using 'HasPrecision', or configure a value converter using 'HasConversion'.
2025-04-28 07:58:39,764 [.NET TP Worker] WARN Microsoft.EntityFrameworkCore.Model.Validation - No store type was specified for the decimal property 'AmountRefunded' on entity type 'Refund'. This will cause values to be silently truncated if they do not fit in the default precision and scale. Explicitly specify the SQL server column type that can accommodate all the values in 'OnModelCreating' using 'HasColumnType', specify precision and scale using 'HasPrecision', or configure a value converter using 'HasConversion'.
2025-04-28 07:58:39,767 [.NET TP Worker] WARN Microsoft.EntityFrameworkCore.Model.Validation - No store type was specified for the decimal property 'PricePerNight' on entity type 'Room'. This will cause values to be silently truncated if they do not fit in the default precision and scale. Explicitly specify the SQL server column type that can accommodate all the values in 'OnModelCreating' using 'HasColumnType', specify precision and scale using 'HasPrecision', or configure a value converter using 'HasConversion'.
2025-04-28 07:58:45,412 [.NET TP Worker] INFO Microsoft.EntityFrameworkCore.Database.Command - Executed DbCommand (3,015ms) [Parameters=[@__id_0='?' (Size = 450)], CommandType='Text', CommandTimeout='30']
SELECT TOP(2) [u].[Email], [u].[HashKey], [u].[Password], [u].[Role]
FROM [Users] AS [u]
WHERE [u].[Email] = @__id_0
2025-04-28 07:58:47,662 [.NET TP Worker] INFO Microsoft.EntityFrameworkCore.Database.Command - Executed DbCommand (1,144ms) [Parameters=[], CommandType='Text', CommandTimeout='30']
SELECT [h].[Id], [h].[Email], [h].[Name], [h].[Password], [h].[Phone], [h0].[HotelId], [h0].[Amenities], [h0].[ContactNumber], [h0].[Description], [h0].[Email], [h0].[HotelManagerId], [h0].[HotelName], [h0].[Location], [h0].[PricePerNight], [h0].[StarRating], [h0].[Url]
FROM [HotelManagers] AS [h]
LEFT JOIN [Hotels] AS [h0] ON [h].[Id] = [h0].[HotelManagerId]
2025-04-28 07:59:24,462 [.NET TP Worker] WARN Microsoft.EntityFrameworkCore.Query - Compiling a query which loads related collections for more than one collection navigation, either via 'Include' or through projection, but no 'QuerySplittingBehavior' has been configured. By default, Entity Framework will use 'QuerySplittingBehavior.SingleQuery', which can potentially result in slow query performance. See https://go.microsoft.com/fwlink/?linkid=2134277 for more information. To identify the query that's triggering this warning call 'ConfigureWarnings(w => w.Throw(RelationalEventId.MultipleCollectionIncludeWarning))'.
2025-04-28 07:59:24,624 [.NET TP Worker] INFO Microsoft.EntityFrameworkCore.Database.Command - Executed DbCommand (150ms) [Parameters=[], CommandType='Text', CommandTimeout='30']
SELECT [h].[HotelId], [h].[Amenities], [h].[ContactNumber], [h].[Description], [h].[Email], [h].[HotelManagerId], [h].[HotelName], [h].[Location], [h].[PricePerNight], [h].[StarRating], [h].[Url], [h0].[Id], [r].[RoomId], [r].[Amenities], [r].[Capacity], [r].[Description], [r].[HotelId], [r].[IsAvailable], [r].[PricePerNight], [r].[Type], [r].[Url], [r0].[ReviewId], [r0].[Comment], [r0].[CustomerId], [r0].[Date], [r0].[HotelId], [r0].[Rating], [h0].[Email], [h0].[Name], [h0].[Password], [h0].[Phone]
FROM [Hotels] AS [h]
INNER JOIN [HotelManagers] AS [h0] ON [h].[HotelManagerId] = [h0].[Id]
LEFT JOIN [Rooms] AS [r] ON [h].[HotelId] = [r].[HotelId]
LEFT JOIN [Reviews] AS [r0] ON [h].[HotelId] = [r0].[HotelId]
ORDER BY [h].[HotelId], [h0].[Id], [r].[RoomId]
2025-04-28 08:31:17,382 [1] INFO Microsoft.Hosting.Lifetime - Now listening on: http://localhost:5012
2025-04-28 08:31:17,846 [1] INFO Microsoft.Hosting.Lifetime - Application started. Press Ctrl+C to shut down.
2025-04-28 08:31:17,851 [1] INFO Microsoft.Hosting.Lifetime - Hosting environment: Development
2025-04-28 08:31:17,856 [1] INFO Microsoft.Hosting.Lifetime - Content root path: C:\Users\sivab\source\repos\CozyHavenStay\CozyHavenStay
2025-04-28 08:32:28,151 [.NET TP Worker] WARN Microsoft.EntityFrameworkCore.Model.Validation - No store type was specified for the decimal property 'PricePerNight' on entity type 'Hotel'. This will cause values to be silently truncated if they do not fit in the default precision and scale. Explicitly specify the SQL server column type that can accommodate all the values in 'OnModelCreating' using 'HasColumnType', specify precision and scale using 'HasPrecision', or configure a value converter using 'HasConversion'.
2025-04-28 08:32:28,160 [.NET TP Worker] WARN Microsoft.EntityFrameworkCore.Model.Validation - No store type was specified for the decimal property 'AmountPaid' on entity type 'Payment'. This will cause values to be silently truncated if they do not fit in the default precision and scale. Explicitly specify the SQL server column type that can accommodate all the values in 'OnModelCreating' using 'HasColumnType', specify precision and scale using 'HasPrecision', or configure a value converter using 'HasConversion'.
2025-04-28 08:32:28,167 [.NET TP Worker] WARN Microsoft.EntityFrameworkCore.Model.Validation - No store type was specified for the decimal property 'AmountRefunded' on entity type 'Refund'. This will cause values to be silently truncated if they do not fit in the default precision and scale. Explicitly specify the SQL server column type that can accommodate all the values in 'OnModelCreating' using 'HasColumnType', specify precision and scale using 'HasPrecision', or configure a value converter using 'HasConversion'.
2025-04-28 08:32:28,172 [.NET TP Worker] WARN Microsoft.EntityFrameworkCore.Model.Validation - No store type was specified for the decimal property 'PricePerNight' on entity type 'Room'. This will cause values to be silently truncated if they do not fit in the default precision and scale. Explicitly specify the SQL server column type that can accommodate all the values in 'OnModelCreating' using 'HasColumnType', specify precision and scale using 'HasPrecision', or configure a value converter using 'HasConversion'.
2025-04-28 08:32:29,626 [.NET TP Worker] WARN Microsoft.EntityFrameworkCore.Query - Compiling a query which loads related collections for more than one collection navigation, either via 'Include' or through projection, but no 'QuerySplittingBehavior' has been configured. By default, Entity Framework will use 'QuerySplittingBehavior.SingleQuery', which can potentially result in slow query performance. See https://go.microsoft.com/fwlink/?linkid=2134277 for more information. To identify the query that's triggering this warning call 'ConfigureWarnings(w => w.Throw(RelationalEventId.MultipleCollectionIncludeWarning))'.
2025-04-28 08:32:33,141 [.NET TP Worker] INFO Microsoft.EntityFrameworkCore.Database.Command - Executed DbCommand (1,837ms) [Parameters=[], CommandType='Text', CommandTimeout='30']
SELECT [h].[HotelId], [h].[Amenities], [h].[ContactNumber], [h].[Description], [h].[Email], [h].[HotelManagerId], [h].[HotelName], [h].[Location], [h].[PricePerNight], [h].[StarRating], [h].[Url], [h0].[Id], [r].[RoomId], [r].[Amenities], [r].[Capacity], [r].[Description], [r].[HotelId], [r].[IsAvailable], [r].[PricePerNight], [r].[Type], [r].[Url], [r0].[ReviewId], [r0].[Comment], [r0].[CustomerId], [r0].[Date], [r0].[HotelId], [r0].[Rating], [h0].[Email], [h0].[Name], [h0].[Password], [h0].[Phone]
FROM [Hotels] AS [h]
INNER JOIN [HotelManagers] AS [h0] ON [h].[HotelManagerId] = [h0].[Id]
LEFT JOIN [Rooms] AS [r] ON [h].[HotelId] = [r].[HotelId]
LEFT JOIN [Reviews] AS [r0] ON [h].[HotelId] = [r0].[HotelId]
ORDER BY [h].[HotelId], [h0].[Id], [r].[RoomId]
2025-04-28 08:33:28,291 [.NET TP Worker] INFO Microsoft.EntityFrameworkCore.Database.Command - Executed DbCommand (72ms) [Parameters=[], CommandType='Text', CommandTimeout='30']
SELECT [h].[HotelId], [h].[Amenities], [h].[ContactNumber], [h].[Description], [h].[Email], [h].[HotelManagerId], [h].[HotelName], [h].[Location], [h].[PricePerNight], [h].[StarRating], [h].[Url], [h0].[Id], [r].[RoomId], [r].[Amenities], [r].[Capacity], [r].[Description], [r].[HotelId], [r].[IsAvailable], [r].[PricePerNight], [r].[Type], [r].[Url], [r0].[ReviewId], [r0].[Comment], [r0].[CustomerId], [r0].[Date], [r0].[HotelId], [r0].[Rating], [h0].[Email], [h0].[Name], [h0].[Password], [h0].[Phone]
FROM [Hotels] AS [h]
INNER JOIN [HotelManagers] AS [h0] ON [h].[HotelManagerId] = [h0].[Id]
LEFT JOIN [Rooms] AS [r] ON [h].[HotelId] = [r].[HotelId]
LEFT JOIN [Reviews] AS [r0] ON [h].[HotelId] = [r0].[HotelId]
ORDER BY [h].[HotelId], [h0].[Id], [r].[RoomId]
2025-04-28 08:42:52,104 [1] INFO Microsoft.Hosting.Lifetime - Now listening on: http://localhost:5012
2025-04-28 08:42:52,247 [1] INFO Microsoft.Hosting.Lifetime - Application started. Press Ctrl+C to shut down.
2025-04-28 08:42:52,251 [1] INFO Microsoft.Hosting.Lifetime - Hosting environment: Development
2025-04-28 08:42:52,253 [1] INFO Microsoft.Hosting.Lifetime - Content root path: C:\Users\sivab\source\repos\CozyHavenStay\CozyHavenStay
2025-04-28 08:43:27,040 [.NET TP Worker] WARN Microsoft.EntityFrameworkCore.Model.Validation - No store type was specified for the decimal property 'PricePerNight' on entity type 'Hotel'. This will cause values to be silently truncated if they do not fit in the default precision and scale. Explicitly specify the SQL server column type that can accommodate all the values in 'OnModelCreating' using 'HasColumnType', specify precision and scale using 'HasPrecision', or configure a value converter using 'HasConversion'.
2025-04-28 08:43:27,047 [.NET TP Worker] WARN Microsoft.EntityFrameworkCore.Model.Validation - No store type was specified for the decimal property 'AmountPaid' on entity type 'Payment'. This will cause values to be silently truncated if they do not fit in the default precision and scale. Explicitly specify the SQL server column type that can accommodate all the values in 'OnModelCreating' using 'HasColumnType', specify precision and scale using 'HasPrecision', or configure a value converter using 'HasConversion'.
2025-04-28 08:43:27,051 [.NET TP Worker] WARN Microsoft.EntityFrameworkCore.Model.Validation - No store type was specified for the decimal property 'AmountRefunded' on entity type 'Refund'. This will cause values to be silently truncated if they do not fit in the default precision and scale. Explicitly specify the SQL server column type that can accommodate all the values in 'OnModelCreating' using 'HasColumnType', specify precision and scale using 'HasPrecision', or configure a value converter using 'HasConversion'.
2025-04-28 08:43:27,056 [.NET TP Worker] WARN Microsoft.EntityFrameworkCore.Model.Validation - No store type was specified for the decimal property 'PricePerNight' on entity type 'Room'. This will cause values to be silently truncated if they do not fit in the default precision and scale. Explicitly specify the SQL server column type that can accommodate all the values in 'OnModelCreating' using 'HasColumnType', specify precision and scale using 'HasPrecision', or configure a value converter using 'HasConversion'.
2025-04-28 08:43:28,363 [.NET TP Worker] WARN Microsoft.EntityFrameworkCore.Query - Compiling a query which loads related collections for more than one collection navigation, either via 'Include' or through projection, but no 'QuerySplittingBehavior' has been configured. By default, Entity Framework will use 'QuerySplittingBehavior.SingleQuery', which can potentially result in slow query performance. See https://go.microsoft.com/fwlink/?linkid=2134277 for more information. To identify the query that's triggering this warning call 'ConfigureWarnings(w => w.Throw(RelationalEventId.MultipleCollectionIncludeWarning))'.
2025-04-28 08:43:30,271 [.NET TP Worker] INFO Microsoft.EntityFrameworkCore.Database.Command - Executed DbCommand (252ms) [Parameters=[], CommandType='Text', CommandTimeout='30']
SELECT [h].[HotelId], [h].[Amenities], [h].[ContactNumber], [h].[Description], [h].[Email], [h].[HotelManagerId], [h].[HotelName], [h].[Location], [h].[PricePerNight], [h].[StarRating], [h].[Url], [h0].[Id], [r].[RoomId], [r].[Amenities], [r].[Capacity], [r].[Description], [r].[HotelId], [r].[IsAvailable], [r].[PricePerNight], [r].[Type], [r].[Url], [r0].[ReviewId], [r0].[Comment], [r0].[CustomerId], [r0].[Date], [r0].[HotelId], [r0].[Rating], [h0].[Email], [h0].[Name], [h0].[Password], [h0].[Phone]
FROM [Hotels] AS [h]
INNER JOIN [HotelManagers] AS [h0] ON [h].[HotelManagerId] = [h0].[Id]
LEFT JOIN [Rooms] AS [r] ON [h].[HotelId] = [r].[HotelId]
LEFT JOIN [Reviews] AS [r0] ON [h].[HotelId] = [r0].[HotelId]
ORDER BY [h].[HotelId], [h0].[Id], [r].[RoomId]
2025-04-28 09:24:43,624 [.NET TP Worker] INFO Microsoft.EntityFrameworkCore.Database.Command - Executed DbCommand (5,313ms) [Parameters=[], CommandType='Text', CommandTimeout='30']
SELECT [h].[HotelId], [h].[Amenities], [h].[ContactNumber], [h].[Description], [h].[Email], [h].[HotelManagerId], [h].[HotelName], [h].[Location], [h].[PricePerNight], [h].[StarRating], [h].[Url], [h0].[Id], [r].[RoomId], [r].[Amenities], [r].[Capacity], [r].[Description], [r].[HotelId], [r].[IsAvailable], [r].[PricePerNight], [r].[Type], [r].[Url], [r0].[ReviewId], [r0].[Comment], [r0].[CustomerId], [r0].[Date], [r0].[HotelId], [r0].[Rating], [h0].[Email], [h0].[Name], [h0].[Password], [h0].[Phone]
FROM [Hotels] AS [h]
INNER JOIN [HotelManagers] AS [h0] ON [h].[HotelManagerId] = [h0].[Id]
LEFT JOIN [Rooms] AS [r] ON [h].[HotelId] = [r].[HotelId]
LEFT JOIN [Reviews] AS [r0] ON [h].[HotelId] = [r0].[HotelId]
ORDER BY [h].[HotelId], [h0].[Id], [r].[RoomId]
2025-04-28 09:24:46,266 [.NET TP Worker] INFO Microsoft.EntityFrameworkCore.Database.Command - Executed DbCommand (286ms) [Parameters=[], CommandType='Text', CommandTimeout='30']
SELECT [h].[HotelId], [h].[Amenities], [h].[ContactNumber], [h].[Description], [h].[Email], [h].[HotelManagerId], [h].[HotelName], [h].[Location], [h].[PricePerNight], [h].[StarRating], [h].[Url], [h0].[Id], [r].[RoomId], [r].[Amenities], [r].[Capacity], [r].[Description], [r].[HotelId], [r].[IsAvailable], [r].[PricePerNight], [r].[Type], [r].[Url], [r0].[ReviewId], [r0].[Comment], [r0].[CustomerId], [r0].[Date], [r0].[HotelId], [r0].[Rating], [h0].[Email], [h0].[Name], [h0].[Password], [h0].[Phone]
FROM [Hotels] AS [h]
INNER JOIN [HotelManagers] AS [h0] ON [h].[HotelManagerId] = [h0].[Id]
LEFT JOIN [Rooms] AS [r] ON [h].[HotelId] = [r].[HotelId]
LEFT JOIN [Reviews] AS [r0] ON [h].[HotelId] = [r0].[HotelId]
ORDER BY [h].[HotelId], [h0].[Id], [r].[RoomId]
2025-04-28 09:24:46,551 [.NET TP Worker] INFO Microsoft.EntityFrameworkCore.Database.Command - Executed DbCommand (977ms) [Parameters=[], CommandType='Text', CommandTimeout='30']
SELECT [h].[HotelId], [h].[Amenities], [h].[ContactNumber], [h].[Description], [h].[Email], [h].[HotelManagerId], [h].[HotelName], [h].[Location], [h].[PricePerNight], [h].[StarRating], [h].[Url], [h0].[Id], [r].[RoomId], [r].[Amenities], [r].[Capacity], [r].[Description], [r].[HotelId], [r].[IsAvailable], [r].[PricePerNight], [r].[Type], [r].[Url], [r0].[ReviewId], [r0].[Comment], [r0].[CustomerId], [r0].[Date], [r0].[HotelId], [r0].[Rating], [h0].[Email], [h0].[Name], [h0].[Password], [h0].[Phone]
FROM [Hotels] AS [h]
INNER JOIN [HotelManagers] AS [h0] ON [h].[HotelManagerId] = [h0].[Id]
LEFT JOIN [Rooms] AS [r] ON [h].[HotelId] = [r].[HotelId]
LEFT JOIN [Reviews] AS [r0] ON [h].[HotelId] = [r0].[HotelId]
ORDER BY [h].[HotelId], [h0].[Id], [r].[RoomId]
2025-04-28 09:28:27,251 [.NET TP Worker] INFO Microsoft.EntityFrameworkCore.Database.Command - Executed DbCommand (2,400ms) [Parameters=[], CommandType='Text', CommandTimeout='30']
SELECT [h].[HotelId], [h].[Amenities], [h].[ContactNumber], [h].[Description], [h].[Email], [h].[HotelManagerId], [h].[HotelName], [h].[Location], [h].[PricePerNight], [h].[StarRating], [h].[Url], [h0].[Id], [r].[RoomId], [r].[Amenities], [r].[Capacity], [r].[Description], [r].[HotelId], [r].[IsAvailable], [r].[PricePerNight], [r].[Type], [r].[Url], [r0].[ReviewId], [r0].[Comment], [r0].[CustomerId], [r0].[Date], [r0].[HotelId], [r0].[Rating], [h0].[Email], [h0].[Name], [h0].[Password], [h0].[Phone]
FROM [Hotels] AS [h]
INNER JOIN [HotelManagers] AS [h0] ON [h].[HotelManagerId] = [h0].[Id]
LEFT JOIN [Rooms] AS [r] ON [h].[HotelId] = [r].[HotelId]
LEFT JOIN [Reviews] AS [r0] ON [h].[HotelId] = [r0].[HotelId]
ORDER BY [h].[HotelId], [h0].[Id], [r].[RoomId]
2025-04-28 09:34:27,025 [.NET TP Worker] INFO Microsoft.EntityFrameworkCore.Database.Command - Executed DbCommand (622ms) [Parameters=[], CommandType='Text', CommandTimeout='30']
SELECT [h].[HotelId], [h].[Amenities], [h].[ContactNumber], [h].[Description], [h].[Email], [h].[HotelManagerId], [h].[HotelName], [h].[Location], [h].[PricePerNight], [h].[StarRating], [h].[Url], [h0].[Id], [r].[RoomId], [r].[Amenities], [r].[Capacity], [r].[Description], [r].[HotelId], [r].[IsAvailable], [r].[PricePerNight], [r].[Type], [r].[Url], [r0].[ReviewId], [r0].[Comment], [r0].[CustomerId], [r0].[Date], [r0].[HotelId], [r0].[Rating], [h0].[Email], [h0].[Name], [h0].[Password], [h0].[Phone]
FROM [Hotels] AS [h]
INNER JOIN [HotelManagers] AS [h0] ON [h].[HotelManagerId] = [h0].[Id]
LEFT JOIN [Rooms] AS [r] ON [h].[HotelId] = [r].[HotelId]
LEFT JOIN [Reviews] AS [r0] ON [h].[HotelId] = [r0].[HotelId]
ORDER BY [h].[HotelId], [h0].[Id], [r].[RoomId]
2025-04-28 09:40:56,714 [.NET TP Worker] INFO Microsoft.EntityFrameworkCore.Database.Command - Executed DbCommand (402ms) [Parameters=[], CommandType='Text', CommandTimeout='30']
SELECT [h].[HotelId], [h].[Amenities], [h].[ContactNumber], [h].[Description], [h].[Email], [h].[HotelManagerId], [h].[HotelName], [h].[Location], [h].[PricePerNight], [h].[StarRating], [h].[Url], [h0].[Id], [r].[RoomId], [r].[Amenities], [r].[Capacity], [r].[Description], [r].[HotelId], [r].[IsAvailable], [r].[PricePerNight], [r].[Type], [r].[Url], [r0].[ReviewId], [r0].[Comment], [r0].[CustomerId], [r0].[Date], [r0].[HotelId], [r0].[Rating], [h0].[Email], [h0].[Name], [h0].[Password], [h0].[Phone]
FROM [Hotels] AS [h]
INNER JOIN [HotelManagers] AS [h0] ON [h].[HotelManagerId] = [h0].[Id]
LEFT JOIN [Rooms] AS [r] ON [h].[HotelId] = [r].[HotelId]
LEFT JOIN [Reviews] AS [r0] ON [h].[HotelId] = [r0].[HotelId]
ORDER BY [h].[HotelId], [h0].[Id], [r].[RoomId]
2025-04-28 09:43:48,334 [.NET TP Worker] INFO Microsoft.EntityFrameworkCore.Database.Command - Executed DbCommand (522ms) [Parameters=[], CommandType='Text', CommandTimeout='30']
SELECT [h].[HotelId], [h].[Amenities], [h].[ContactNumber], [h].[Description], [h].[Email], [h].[HotelManagerId], [h].[HotelName], [h].[Location], [h].[PricePerNight], [h].[StarRating], [h].[Url], [h0].[Id], [r].[RoomId], [r].[Amenities], [r].[Capacity], [r].[Description], [r].[HotelId], [r].[IsAvailable], [r].[PricePerNight], [r].[Type], [r].[Url], [r0].[ReviewId], [r0].[Comment], [r0].[CustomerId], [r0].[Date], [r0].[HotelId], [r0].[Rating], [h0].[Email], [h0].[Name], [h0].[Password], [h0].[Phone]
FROM [Hotels] AS [h]
INNER JOIN [HotelManagers] AS [h0] ON [h].[HotelManagerId] = [h0].[Id]
LEFT JOIN [Rooms] AS [r] ON [h].[HotelId] = [r].[HotelId]
LEFT JOIN [Reviews] AS [r0] ON [h].[HotelId] = [r0].[HotelId]
ORDER BY [h].[HotelId], [h0].[Id], [r].[RoomId]
2025-04-28 09:44:37,221 [.NET TP Worker] INFO Microsoft.EntityFrameworkCore.Database.Command - Executed DbCommand (2,453ms) [Parameters=[@__id_0='?' (Size = 450)], CommandType='Text', CommandTimeout='30']
SELECT TOP(2) [u].[Email], [u].[HashKey], [u].[Password], [u].[Role]
FROM [Users] AS [u]
WHERE [u].[Email] = @__id_0
2025-04-28 09:44:38,306 [.NET TP Worker] INFO Microsoft.EntityFrameworkCore.Database.Command - Executed DbCommand (203ms) [Parameters=[], CommandType='Text', CommandTimeout='30']
SELECT [h].[Id], [h].[Email], [h].[Name], [h].[Password], [h].[Phone], [h0].[HotelId], [h0].[Amenities], [h0].[ContactNumber], [h0].[Description], [h0].[Email], [h0].[HotelManagerId], [h0].[HotelName], [h0].[Location], [h0].[PricePerNight], [h0].[StarRating], [h0].[Url]
FROM [HotelManagers] AS [h]
LEFT JOIN [Hotels] AS [h0] ON [h].[Id] = [h0].[HotelManagerId]
2025-04-28 09:45:43,384 [.NET TP Worker] WARN Microsoft.EntityFrameworkCore.Query - Compiling a query which loads related collections for more than one collection navigation, either via 'Include' or through projection, but no 'QuerySplittingBehavior' has been configured. By default, Entity Framework will use 'QuerySplittingBehavior.SingleQuery', which can potentially result in slow query performance. See https://go.microsoft.com/fwlink/?linkid=2134277 for more information. To identify the query that's triggering this warning call 'ConfigureWarnings(w => w.Throw(RelationalEventId.MultipleCollectionIncludeWarning))'.
2025-04-28 09:45:43,954 [.NET TP Worker] INFO Microsoft.EntityFrameworkCore.Database.Command - Executed DbCommand (326ms) [Parameters=[@__id_0='?' (DbType = Int32)], CommandType='Text', CommandTimeout='30']
SELECT [t].[HotelId], [t].[Amenities], [t].[ContactNumber], [t].[Description], [t].[Email], [t].[HotelManagerId], [t].[HotelName], [t].[Location], [t].[PricePerNight], [t].[StarRating], [t].[Url], [t].[Id], [r].[RoomId], [r].[Amenities], [r].[Capacity], [r].[Description], [r].[HotelId], [r].[IsAvailable], [r].[PricePerNight], [r].[Type], [r].[Url], [r0].[ReviewId], [r0].[Comment], [r0].[CustomerId], [r0].[Date], [r0].[HotelId], [r0].[Rating], [t].[Email0], [t].[Name], [t].[Password], [t].[Phone]
FROM (
    SELECT TOP(1) [h].[HotelId], [h].[Amenities], [h].[ContactNumber], [h].[Description], [h].[Email], [h].[HotelManagerId], [h].[HotelName], [h].[Location], [h].[PricePerNight], [h].[StarRating], [h].[Url], [h0].[Id], [h0].[Email] AS [Email0], [h0].[Name], [h0].[Password], [h0].[Phone]
    FROM [Hotels] AS [h]
    INNER JOIN [HotelManagers] AS [h0] ON [h].[HotelManagerId] = [h0].[Id]
    WHERE [h].[HotelId] = @__id_0
) AS [t]
LEFT JOIN [Rooms] AS [r] ON [t].[HotelId] = [r].[HotelId]
LEFT JOIN [Reviews] AS [r0] ON [t].[HotelId] = [r0].[HotelId]
ORDER BY [t].[HotelId], [t].[Id], [r].[RoomId]
2025-04-28 09:46:20,442 [.NET TP Worker] INFO Microsoft.EntityFrameworkCore.Database.Command - Executed DbCommand (8ms) [Parameters=[@__id_0='?' (DbType = Int32)], CommandType='Text', CommandTimeout='30']
SELECT [t].[HotelId], [t].[Amenities], [t].[ContactNumber], [t].[Description], [t].[Email], [t].[HotelManagerId], [t].[HotelName], [t].[Location], [t].[PricePerNight], [t].[StarRating], [t].[Url], [t].[Id], [r].[RoomId], [r].[Amenities], [r].[Capacity], [r].[Description], [r].[HotelId], [r].[IsAvailable], [r].[PricePerNight], [r].[Type], [r].[Url], [r0].[ReviewId], [r0].[Comment], [r0].[CustomerId], [r0].[Date], [r0].[HotelId], [r0].[Rating], [t].[Email0], [t].[Name], [t].[Password], [t].[Phone]
FROM (
    SELECT TOP(1) [h].[HotelId], [h].[Amenities], [h].[ContactNumber], [h].[Description], [h].[Email], [h].[HotelManagerId], [h].[HotelName], [h].[Location], [h].[PricePerNight], [h].[StarRating], [h].[Url], [h0].[Id], [h0].[Email] AS [Email0], [h0].[Name], [h0].[Password], [h0].[Phone]
    FROM [Hotels] AS [h]
    INNER JOIN [HotelManagers] AS [h0] ON [h].[HotelManagerId] = [h0].[Id]
    WHERE [h].[HotelId] = @__id_0
) AS [t]
LEFT JOIN [Rooms] AS [r] ON [t].[HotelId] = [r].[HotelId]
LEFT JOIN [Reviews] AS [r0] ON [t].[HotelId] = [r0].[HotelId]
ORDER BY [t].[HotelId], [t].[Id], [r].[RoomId]
2025-04-28 09:46:20,486 [.NET TP Worker] INFO Microsoft.EntityFrameworkCore.Database.Command - Executed DbCommand (1ms) [Parameters=[@__id_0='?' (DbType = Int32)], CommandType='Text', CommandTimeout='30']
SELECT [t].[HotelId], [t].[Amenities], [t].[ContactNumber], [t].[Description], [t].[Email], [t].[HotelManagerId], [t].[HotelName], [t].[Location], [t].[PricePerNight], [t].[StarRating], [t].[Url], [t].[Id], [r].[RoomId], [r].[Amenities], [r].[Capacity], [r].[Description], [r].[HotelId], [r].[IsAvailable], [r].[PricePerNight], [r].[Type], [r].[Url], [r0].[ReviewId], [r0].[Comment], [r0].[CustomerId], [r0].[Date], [r0].[HotelId], [r0].[Rating], [t].[Email0], [t].[Name], [t].[Password], [t].[Phone]
FROM (
    SELECT TOP(1) [h].[HotelId], [h].[Amenities], [h].[ContactNumber], [h].[Description], [h].[Email], [h].[HotelManagerId], [h].[HotelName], [h].[Location], [h].[PricePerNight], [h].[StarRating], [h].[Url], [h0].[Id], [h0].[Email] AS [Email0], [h0].[Name], [h0].[Password], [h0].[Phone]
    FROM [Hotels] AS [h]
    INNER JOIN [HotelManagers] AS [h0] ON [h].[HotelManagerId] = [h0].[Id]
    WHERE [h].[HotelId] = @__id_0
) AS [t]
LEFT JOIN [Rooms] AS [r] ON [t].[HotelId] = [r].[HotelId]
LEFT JOIN [Reviews] AS [r0] ON [t].[HotelId] = [r0].[HotelId]
ORDER BY [t].[HotelId], [t].[Id], [r].[RoomId]
2025-04-28 09:46:22,988 [.NET TP Worker] INFO Microsoft.EntityFrameworkCore.Database.Command - Executed DbCommand (1,699ms) [Parameters=[@p2='?' (DbType = Int32), @p0='?' (DbType = Int32), @p1='?' (Size = 4000)], CommandType='Text', CommandTimeout='30']
SET IMPLICIT_TRANSACTIONS OFF;
SET NOCOUNT ON;
UPDATE [Hotels] SET [HotelManagerId] = @p0, [Location] = @p1
OUTPUT 1
WHERE [HotelId] = @p2;
2025-04-28 09:46:24,409 [.NET TP Worker] ERROR Microsoft.EntityFrameworkCore.Update - An exception occurred in the database while saving changes for context type 'CozyHavenStay.Contexts.CozyHavenStayContext'.
Microsoft.EntityFrameworkCore.DbUpdateException: An error occurred while saving the entity changes. See the inner exception for details.
 ---> Microsoft.Data.SqlClient.SqlException (0x80131904): The UPDATE statement conflicted with the FOREIGN KEY constraint "FK_Hotels_HotelManagers_HotelManagerId". The conflict occurred in database "CozyHavenStay", table "dbo.HotelManagers", column 'Id'.
   at Microsoft.Data.SqlClient.SqlConnection.OnError(SqlException exception, Boolean breakConnection, Action`1 wrapCloseInAction)
   at Microsoft.Data.SqlClient.SqlInternalConnection.OnError(SqlException exception, Boolean breakConnection, Action`1 wrapCloseInAction)
   at Microsoft.Data.SqlClient.TdsParser.ThrowExceptionAndWarning(TdsParserStateObject stateObj, Boolean callerHasConnectionLock, Boolean asyncClose)
   at Microsoft.Data.SqlClient.TdsParser.TryRun(RunBehavior runBehavior, SqlCommand cmdHandler, SqlDataReader dataStream, BulkCopySimpleResultSet bulkCopyHandler, TdsParserStateObject stateObj, Boolean& dataReady)
   at Microsoft.Data.SqlClient.SqlDataReader.TryHasMoreRows(Boolean& moreRows)
   at Microsoft.Data.SqlClient.SqlDataReader.TryReadInternal(Boolean setTimeout, Boolean& more)
   at Microsoft.Data.SqlClient.SqlDataReader.ReadAsyncExecute(Task task, Object state)
   at Microsoft.Data.SqlClient.SqlDataReader.InvokeAsyncCall[T](SqlDataReaderBaseAsyncCallContext`1 context)
--- End of stack trace from previous location ---
   at Microsoft.EntityFrameworkCore.Update.AffectedCountModificationCommandBatch.ConsumeResultSetWithRowsAffectedOnlyAsync(Int32 commandIndex, RelationalDataReader reader, CancellationToken cancellationToken)
   at Microsoft.EntityFrameworkCore.Update.AffectedCountModificationCommandBatch.ConsumeAsync(RelationalDataReader reader, CancellationToken cancellationToken)
ClientConnectionId:5136daec-28ea-4017-9814-cb81cbbb2b9c
Error Number:547,State:0,Class:16
   --- End of inner exception stack trace ---
   at Microsoft.EntityFrameworkCore.Update.AffectedCountModificationCommandBatch.ConsumeAsync(RelationalDataReader reader, CancellationToken cancellationToken)
   at Microsoft.EntityFrameworkCore.Update.ReaderModificationCommandBatch.ExecuteAsync(IRelationalConnection connection, CancellationToken cancellationToken)
   at Microsoft.EntityFrameworkCore.Update.ReaderModificationCommandBatch.ExecuteAsync(IRelationalConnection connection, CancellationToken cancellationToken)
   at Microsoft.EntityFrameworkCore.SqlServer.Update.Internal.SqlServerModificationCommandBatch.ExecuteAsync(IRelationalConnection connection, CancellationToken cancellationToken)
   at Microsoft.EntityFrameworkCore.Update.Internal.BatchExecutor.ExecuteAsync(IEnumerable`1 commandBatches, IRelationalConnection connection, CancellationToken cancellationToken)
   at Microsoft.EntityFrameworkCore.Update.Internal.BatchExecutor.ExecuteAsync(IEnumerable`1 commandBatches, IRelationalConnection connection, CancellationToken cancellationToken)
   at Microsoft.EntityFrameworkCore.Update.Internal.BatchExecutor.ExecuteAsync(IEnumerable`1 commandBatches, IRelationalConnection connection, CancellationToken cancellationToken)
   at Microsoft.EntityFrameworkCore.ChangeTracking.Internal.StateManager.SaveChangesAsync(IList`1 entriesToSave, CancellationToken cancellationToken)
   at Microsoft.EntityFrameworkCore.ChangeTracking.Internal.StateManager.SaveChangesAsync(StateManager stateManager, Boolean acceptAllChangesOnSuccess, CancellationToken cancellationToken)
   at Microsoft.EntityFrameworkCore.SqlServer.Storage.Internal.SqlServerExecutionStrategy.ExecuteAsync[TState,TResult](TState state, Func`4 operation, Func`4 verifySucceeded, CancellationToken cancellationToken)
   at Microsoft.EntityFrameworkCore.DbContext.SaveChangesAsync(Boolean acceptAllChangesOnSuccess, CancellationToken cancellationToken)
Microsoft.EntityFrameworkCore.DbUpdateException: An error occurred while saving the entity changes. See the inner exception for details.
 ---> Microsoft.Data.SqlClient.SqlException (0x80131904): The UPDATE statement conflicted with the FOREIGN KEY constraint "FK_Hotels_HotelManagers_HotelManagerId". The conflict occurred in database "CozyHavenStay", table "dbo.HotelManagers", column 'Id'.
   at Microsoft.Data.SqlClient.SqlConnection.OnError(SqlException exception, Boolean breakConnection, Action`1 wrapCloseInAction)
   at Microsoft.Data.SqlClient.SqlInternalConnection.OnError(SqlException exception, Boolean breakConnection, Action`1 wrapCloseInAction)
   at Microsoft.Data.SqlClient.TdsParser.ThrowExceptionAndWarning(TdsParserStateObject stateObj, Boolean callerHasConnectionLock, Boolean asyncClose)
   at Microsoft.Data.SqlClient.TdsParser.TryRun(RunBehavior runBehavior, SqlCommand cmdHandler, SqlDataReader dataStream, BulkCopySimpleResultSet bulkCopyHandler, TdsParserStateObject stateObj, Boolean& dataReady)
   at Microsoft.Data.SqlClient.SqlDataReader.TryHasMoreRows(Boolean& moreRows)
   at Microsoft.Data.SqlClient.SqlDataReader.TryReadInternal(Boolean setTimeout, Boolean& more)
   at Microsoft.Data.SqlClient.SqlDataReader.ReadAsyncExecute(Task task, Object state)
   at Microsoft.Data.SqlClient.SqlDataReader.InvokeAsyncCall[T](SqlDataReaderBaseAsyncCallContext`1 context)
--- End of stack trace from previous location ---
   at Microsoft.EntityFrameworkCore.Update.AffectedCountModificationCommandBatch.ConsumeResultSetWithRowsAffectedOnlyAsync(Int32 commandIndex, RelationalDataReader reader, CancellationToken cancellationToken)
   at Microsoft.EntityFrameworkCore.Update.AffectedCountModificationCommandBatch.ConsumeAsync(RelationalDataReader reader, CancellationToken cancellationToken)
ClientConnectionId:5136daec-28ea-4017-9814-cb81cbbb2b9c
Error Number:547,State:0,Class:16
   --- End of inner exception stack trace ---
   at Microsoft.EntityFrameworkCore.Update.AffectedCountModificationCommandBatch.ConsumeAsync(RelationalDataReader reader, CancellationToken cancellationToken)
   at Microsoft.EntityFrameworkCore.Update.ReaderModificationCommandBatch.ExecuteAsync(IRelationalConnection connection, CancellationToken cancellationToken)
   at Microsoft.EntityFrameworkCore.Update.ReaderModificationCommandBatch.ExecuteAsync(IRelationalConnection connection, CancellationToken cancellationToken)
   at Microsoft.EntityFrameworkCore.SqlServer.Update.Internal.SqlServerModificationCommandBatch.ExecuteAsync(IRelationalConnection connection, CancellationToken cancellationToken)
   at Microsoft.EntityFrameworkCore.Update.Internal.BatchExecutor.ExecuteAsync(IEnumerable`1 commandBatches, IRelationalConnection connection, CancellationToken cancellationToken)
   at Microsoft.EntityFrameworkCore.Update.Internal.BatchExecutor.ExecuteAsync(IEnumerable`1 commandBatches, IRelationalConnection connection, CancellationToken cancellationToken)
   at Microsoft.EntityFrameworkCore.Update.Internal.BatchExecutor.ExecuteAsync(IEnumerable`1 commandBatches, IRelationalConnection connection, CancellationToken cancellationToken)
   at Microsoft.EntityFrameworkCore.ChangeTracking.Internal.StateManager.SaveChangesAsync(IList`1 entriesToSave, CancellationToken cancellationToken)
   at Microsoft.EntityFrameworkCore.ChangeTracking.Internal.StateManager.SaveChangesAsync(StateManager stateManager, Boolean acceptAllChangesOnSuccess, CancellationToken cancellationToken)
   at Microsoft.EntityFrameworkCore.SqlServer.Storage.Internal.SqlServerExecutionStrategy.ExecuteAsync[TState,TResult](TState state, Func`4 operation, Func`4 verifySucceeded, CancellationToken cancellationToken)
   at Microsoft.EntityFrameworkCore.DbContext.SaveChangesAsync(Boolean acceptAllChangesOnSuccess, CancellationToken cancellationToken)
2025-04-28 09:47:38,903 [.NET TP Worker] INFO Microsoft.EntityFrameworkCore.Database.Command - Executed DbCommand (328ms) [Parameters=[@p0='?' (Size = 450), @p1='?' (Size = 8000) (DbType = Binary), @p2='?' (Size = 8000) (DbType = Binary), @p3='?' (Size = 4000)], CommandType='Text', CommandTimeout='30']
SET IMPLICIT_TRANSACTIONS OFF;
SET NOCOUNT ON;
INSERT INTO [Users] ([Email], [HashKey], [Password], [Role])
VALUES (@p0, @p1, @p2, @p3);
2025-04-28 09:47:40,319 [.NET TP Worker] INFO Microsoft.EntityFrameworkCore.Database.Command - Executed DbCommand (1,289ms) [Parameters=[@p0='?' (Size = 450), @p1='?' (Size = 4000)], CommandType='Text', CommandTimeout='30']
SET IMPLICIT_TRANSACTIONS OFF;
SET NOCOUNT ON;
INSERT INTO [Admins] ([Email], [Name])
OUTPUT INSERTED.[Id]
VALUES (@p0, @p1);
2025-04-28 09:48:12,805 [.NET TP Worker] INFO Microsoft.EntityFrameworkCore.Database.Command - Executed DbCommand (22ms) [Parameters=[@__id_0='?' (Size = 450)], CommandType='Text', CommandTimeout='30']
SELECT TOP(2) [u].[Email], [u].[HashKey], [u].[Password], [u].[Role]
FROM [Users] AS [u]
WHERE [u].[Email] = @__id_0
2025-04-28 09:48:12,979 [.NET TP Worker] INFO Microsoft.EntityFrameworkCore.Database.Command - Executed DbCommand (90ms) [Parameters=[], CommandType='Text', CommandTimeout='30']
SELECT [a].[Id], [a].[Email], [a].[Name]
FROM [Admins] AS [a]
2025-04-28 09:49:27,820 [.NET TP Worker] INFO Microsoft.EntityFrameworkCore.Database.Command - Executed DbCommand (216ms) [Parameters=[@__id_0='?' (DbType = Int32)], CommandType='Text', CommandTimeout='30']
SELECT [t].[HotelId], [t].[Amenities], [t].[ContactNumber], [t].[Description], [t].[Email], [t].[HotelManagerId], [t].[HotelName], [t].[Location], [t].[PricePerNight], [t].[StarRating], [t].[Url], [t].[Id], [r].[RoomId], [r].[Amenities], [r].[Capacity], [r].[Description], [r].[HotelId], [r].[IsAvailable], [r].[PricePerNight], [r].[Type], [r].[Url], [r0].[ReviewId], [r0].[Comment], [r0].[CustomerId], [r0].[Date], [r0].[HotelId], [r0].[Rating], [t].[Email0], [t].[Name], [t].[Password], [t].[Phone]
FROM (
    SELECT TOP(1) [h].[HotelId], [h].[Amenities], [h].[ContactNumber], [h].[Description], [h].[Email], [h].[HotelManagerId], [h].[HotelName], [h].[Location], [h].[PricePerNight], [h].[StarRating], [h].[Url], [h0].[Id], [h0].[Email] AS [Email0], [h0].[Name], [h0].[Password], [h0].[Phone]
    FROM [Hotels] AS [h]
    INNER JOIN [HotelManagers] AS [h0] ON [h].[HotelManagerId] = [h0].[Id]
    WHERE [h].[HotelId] = @__id_0
) AS [t]
LEFT JOIN [Rooms] AS [r] ON [t].[HotelId] = [r].[HotelId]
LEFT JOIN [Reviews] AS [r0] ON [t].[HotelId] = [r0].[HotelId]
ORDER BY [t].[HotelId], [t].[Id], [r].[RoomId]
2025-04-28 09:49:27,848 [.NET TP Worker] INFO Microsoft.EntityFrameworkCore.Database.Command - Executed DbCommand (2ms) [Parameters=[@__id_0='?' (DbType = Int32)], CommandType='Text', CommandTimeout='30']
SELECT [t].[HotelId], [t].[Amenities], [t].[ContactNumber], [t].[Description], [t].[Email], [t].[HotelManagerId], [t].[HotelName], [t].[Location], [t].[PricePerNight], [t].[StarRating], [t].[Url], [t].[Id], [r].[RoomId], [r].[Amenities], [r].[Capacity], [r].[Description], [r].[HotelId], [r].[IsAvailable], [r].[PricePerNight], [r].[Type], [r].[Url], [r0].[ReviewId], [r0].[Comment], [r0].[CustomerId], [r0].[Date], [r0].[HotelId], [r0].[Rating], [t].[Email0], [t].[Name], [t].[Password], [t].[Phone]
FROM (
    SELECT TOP(1) [h].[HotelId], [h].[Amenities], [h].[ContactNumber], [h].[Description], [h].[Email], [h].[HotelManagerId], [h].[HotelName], [h].[Location], [h].[PricePerNight], [h].[StarRating], [h].[Url], [h0].[Id], [h0].[Email] AS [Email0], [h0].[Name], [h0].[Password], [h0].[Phone]
    FROM [Hotels] AS [h]
    INNER JOIN [HotelManagers] AS [h0] ON [h].[HotelManagerId] = [h0].[Id]
    WHERE [h].[HotelId] = @__id_0
) AS [t]
LEFT JOIN [Rooms] AS [r] ON [t].[HotelId] = [r].[HotelId]
LEFT JOIN [Reviews] AS [r0] ON [t].[HotelId] = [r0].[HotelId]
ORDER BY [t].[HotelId], [t].[Id], [r].[RoomId]
2025-04-28 09:49:27,997 [.NET TP Worker] INFO Microsoft.EntityFrameworkCore.Database.Command - Executed DbCommand (144ms) [Parameters=[@p2='?' (DbType = Int32), @p0='?' (DbType = Int32), @p1='?' (Size = 4000)], CommandType='Text', CommandTimeout='30']
SET IMPLICIT_TRANSACTIONS OFF;
SET NOCOUNT ON;
UPDATE [Hotels] SET [HotelManagerId] = @p0, [Location] = @p1
OUTPUT 1
WHERE [HotelId] = @p2;
2025-04-28 09:49:28,012 [.NET TP Worker] ERROR Microsoft.EntityFrameworkCore.Update - An exception occurred in the database while saving changes for context type 'CozyHavenStay.Contexts.CozyHavenStayContext'.
Microsoft.EntityFrameworkCore.DbUpdateException: An error occurred while saving the entity changes. See the inner exception for details.
 ---> Microsoft.Data.SqlClient.SqlException (0x80131904): The UPDATE statement conflicted with the FOREIGN KEY constraint "FK_Hotels_HotelManagers_HotelManagerId". The conflict occurred in database "CozyHavenStay", table "dbo.HotelManagers", column 'Id'.
   at Microsoft.Data.SqlClient.SqlConnection.OnError(SqlException exception, Boolean breakConnection, Action`1 wrapCloseInAction)
   at Microsoft.Data.SqlClient.SqlInternalConnection.OnError(SqlException exception, Boolean breakConnection, Action`1 wrapCloseInAction)
   at Microsoft.Data.SqlClient.TdsParser.ThrowExceptionAndWarning(TdsParserStateObject stateObj, Boolean callerHasConnectionLock, Boolean asyncClose)
   at Microsoft.Data.SqlClient.TdsParser.TryRun(RunBehavior runBehavior, SqlCommand cmdHandler, SqlDataReader dataStream, BulkCopySimpleResultSet bulkCopyHandler, TdsParserStateObject stateObj, Boolean& dataReady)
   at Microsoft.Data.SqlClient.SqlDataReader.TryHasMoreRows(Boolean& moreRows)
   at Microsoft.Data.SqlClient.SqlDataReader.TryReadInternal(Boolean setTimeout, Boolean& more)
   at Microsoft.Data.SqlClient.SqlDataReader.ReadAsyncExecute(Task task, Object state)
   at Microsoft.Data.SqlClient.SqlDataReader.InvokeAsyncCall[T](SqlDataReaderBaseAsyncCallContext`1 context)
--- End of stack trace from previous location ---
   at Microsoft.EntityFrameworkCore.Update.AffectedCountModificationCommandBatch.ConsumeResultSetWithRowsAffectedOnlyAsync(Int32 commandIndex, RelationalDataReader reader, CancellationToken cancellationToken)
   at Microsoft.EntityFrameworkCore.Update.AffectedCountModificationCommandBatch.ConsumeAsync(RelationalDataReader reader, CancellationToken cancellationToken)
ClientConnectionId:5136daec-28ea-4017-9814-cb81cbbb2b9c
Error Number:547,State:0,Class:16
   --- End of inner exception stack trace ---
   at Microsoft.EntityFrameworkCore.Update.AffectedCountModificationCommandBatch.ConsumeAsync(RelationalDataReader reader, CancellationToken cancellationToken)
   at Microsoft.EntityFrameworkCore.Update.ReaderModificationCommandBatch.ExecuteAsync(IRelationalConnection connection, CancellationToken cancellationToken)
   at Microsoft.EntityFrameworkCore.Update.ReaderModificationCommandBatch.ExecuteAsync(IRelationalConnection connection, CancellationToken cancellationToken)
   at Microsoft.EntityFrameworkCore.SqlServer.Update.Internal.SqlServerModificationCommandBatch.ExecuteAsync(IRelationalConnection connection, CancellationToken cancellationToken)
   at Microsoft.EntityFrameworkCore.Update.Internal.BatchExecutor.ExecuteAsync(IEnumerable`1 commandBatches, IRelationalConnection connection, CancellationToken cancellationToken)
   at Microsoft.EntityFrameworkCore.Update.Internal.BatchExecutor.ExecuteAsync(IEnumerable`1 commandBatches, IRelationalConnection connection, CancellationToken cancellationToken)
   at Microsoft.EntityFrameworkCore.Update.Internal.BatchExecutor.ExecuteAsync(IEnumerable`1 commandBatches, IRelationalConnection connection, CancellationToken cancellationToken)
   at Microsoft.EntityFrameworkCore.ChangeTracking.Internal.StateManager.SaveChangesAsync(IList`1 entriesToSave, CancellationToken cancellationToken)
   at Microsoft.EntityFrameworkCore.ChangeTracking.Internal.StateManager.SaveChangesAsync(StateManager stateManager, Boolean acceptAllChangesOnSuccess, CancellationToken cancellationToken)
   at Microsoft.EntityFrameworkCore.SqlServer.Storage.Internal.SqlServerExecutionStrategy.ExecuteAsync[TState,TResult](TState state, Func`4 operation, Func`4 verifySucceeded, CancellationToken cancellationToken)
   at Microsoft.EntityFrameworkCore.DbContext.SaveChangesAsync(Boolean acceptAllChangesOnSuccess, CancellationToken cancellationToken)
Microsoft.EntityFrameworkCore.DbUpdateException: An error occurred while saving the entity changes. See the inner exception for details.
 ---> Microsoft.Data.SqlClient.SqlException (0x80131904): The UPDATE statement conflicted with the FOREIGN KEY constraint "FK_Hotels_HotelManagers_HotelManagerId". The conflict occurred in database "CozyHavenStay", table "dbo.HotelManagers", column 'Id'.
   at Microsoft.Data.SqlClient.SqlConnection.OnError(SqlException exception, Boolean breakConnection, Action`1 wrapCloseInAction)
   at Microsoft.Data.SqlClient.SqlInternalConnection.OnError(SqlException exception, Boolean breakConnection, Action`1 wrapCloseInAction)
   at Microsoft.Data.SqlClient.TdsParser.ThrowExceptionAndWarning(TdsParserStateObject stateObj, Boolean callerHasConnectionLock, Boolean asyncClose)
   at Microsoft.Data.SqlClient.TdsParser.TryRun(RunBehavior runBehavior, SqlCommand cmdHandler, SqlDataReader dataStream, BulkCopySimpleResultSet bulkCopyHandler, TdsParserStateObject stateObj, Boolean& dataReady)
   at Microsoft.Data.SqlClient.SqlDataReader.TryHasMoreRows(Boolean& moreRows)
   at Microsoft.Data.SqlClient.SqlDataReader.TryReadInternal(Boolean setTimeout, Boolean& more)
   at Microsoft.Data.SqlClient.SqlDataReader.ReadAsyncExecute(Task task, Object state)
   at Microsoft.Data.SqlClient.SqlDataReader.InvokeAsyncCall[T](SqlDataReaderBaseAsyncCallContext`1 context)
--- End of stack trace from previous location ---
   at Microsoft.EntityFrameworkCore.Update.AffectedCountModificationCommandBatch.ConsumeResultSetWithRowsAffectedOnlyAsync(Int32 commandIndex, RelationalDataReader reader, CancellationToken cancellationToken)
   at Microsoft.EntityFrameworkCore.Update.AffectedCountModificationCommandBatch.ConsumeAsync(RelationalDataReader reader, CancellationToken cancellationToken)
ClientConnectionId:5136daec-28ea-4017-9814-cb81cbbb2b9c
Error Number:547,State:0,Class:16
   --- End of inner exception stack trace ---
   at Microsoft.EntityFrameworkCore.Update.AffectedCountModificationCommandBatch.ConsumeAsync(RelationalDataReader reader, CancellationToken cancellationToken)
   at Microsoft.EntityFrameworkCore.Update.ReaderModificationCommandBatch.ExecuteAsync(IRelationalConnection connection, CancellationToken cancellationToken)
   at Microsoft.EntityFrameworkCore.Update.ReaderModificationCommandBatch.ExecuteAsync(IRelationalConnection connection, CancellationToken cancellationToken)
   at Microsoft.EntityFrameworkCore.SqlServer.Update.Internal.SqlServerModificationCommandBatch.ExecuteAsync(IRelationalConnection connection, CancellationToken cancellationToken)
   at Microsoft.EntityFrameworkCore.Update.Internal.BatchExecutor.ExecuteAsync(IEnumerable`1 commandBatches, IRelationalConnection connection, CancellationToken cancellationToken)
   at Microsoft.EntityFrameworkCore.Update.Internal.BatchExecutor.ExecuteAsync(IEnumerable`1 commandBatches, IRelationalConnection connection, CancellationToken cancellationToken)
   at Microsoft.EntityFrameworkCore.Update.Internal.BatchExecutor.ExecuteAsync(IEnumerable`1 commandBatches, IRelationalConnection connection, CancellationToken cancellationToken)
   at Microsoft.EntityFrameworkCore.ChangeTracking.Internal.StateManager.SaveChangesAsync(IList`1 entriesToSave, CancellationToken cancellationToken)
   at Microsoft.EntityFrameworkCore.ChangeTracking.Internal.StateManager.SaveChangesAsync(StateManager stateManager, Boolean acceptAllChangesOnSuccess, CancellationToken cancellationToken)
   at Microsoft.EntityFrameworkCore.SqlServer.Storage.Internal.SqlServerExecutionStrategy.ExecuteAsync[TState,TResult](TState state, Func`4 operation, Func`4 verifySucceeded, CancellationToken cancellationToken)
   at Microsoft.EntityFrameworkCore.DbContext.SaveChangesAsync(Boolean acceptAllChangesOnSuccess, CancellationToken cancellationToken)
2025-04-28 09:53:08,413 [.NET TP Worker] INFO Microsoft.EntityFrameworkCore.Database.Command - Executed DbCommand (611ms) [Parameters=[@__id_0='?' (DbType = Int32)], CommandType='Text', CommandTimeout='30']
SELECT [t].[HotelId], [t].[Amenities], [t].[ContactNumber], [t].[Description], [t].[Email], [t].[HotelManagerId], [t].[HotelName], [t].[Location], [t].[PricePerNight], [t].[StarRating], [t].[Url], [t].[Id], [r].[RoomId], [r].[Amenities], [r].[Capacity], [r].[Description], [r].[HotelId], [r].[IsAvailable], [r].[PricePerNight], [r].[Type], [r].[Url], [r0].[ReviewId], [r0].[Comment], [r0].[CustomerId], [r0].[Date], [r0].[HotelId], [r0].[Rating], [t].[Email0], [t].[Name], [t].[Password], [t].[Phone]
FROM (
    SELECT TOP(1) [h].[HotelId], [h].[Amenities], [h].[ContactNumber], [h].[Description], [h].[Email], [h].[HotelManagerId], [h].[HotelName], [h].[Location], [h].[PricePerNight], [h].[StarRating], [h].[Url], [h0].[Id], [h0].[Email] AS [Email0], [h0].[Name], [h0].[Password], [h0].[Phone]
    FROM [Hotels] AS [h]
    INNER JOIN [HotelManagers] AS [h0] ON [h].[HotelManagerId] = [h0].[Id]
    WHERE [h].[HotelId] = @__id_0
) AS [t]
LEFT JOIN [Rooms] AS [r] ON [t].[HotelId] = [r].[HotelId]
LEFT JOIN [Reviews] AS [r0] ON [t].[HotelId] = [r0].[HotelId]
ORDER BY [t].[HotelId], [t].[Id], [r].[RoomId]
2025-04-28 09:53:08,416 [.NET TP Worker] INFO Microsoft.EntityFrameworkCore.Database.Command - Executed DbCommand (1ms) [Parameters=[@__id_0='?' (DbType = Int32)], CommandType='Text', CommandTimeout='30']
SELECT [t].[HotelId], [t].[Amenities], [t].[ContactNumber], [t].[Description], [t].[Email], [t].[HotelManagerId], [t].[HotelName], [t].[Location], [t].[PricePerNight], [t].[StarRating], [t].[Url], [t].[Id], [r].[RoomId], [r].[Amenities], [r].[Capacity], [r].[Description], [r].[HotelId], [r].[IsAvailable], [r].[PricePerNight], [r].[Type], [r].[Url], [r0].[ReviewId], [r0].[Comment], [r0].[CustomerId], [r0].[Date], [r0].[HotelId], [r0].[Rating], [t].[Email0], [t].[Name], [t].[Password], [t].[Phone]
FROM (
    SELECT TOP(1) [h].[HotelId], [h].[Amenities], [h].[ContactNumber], [h].[Description], [h].[Email], [h].[HotelManagerId], [h].[HotelName], [h].[Location], [h].[PricePerNight], [h].[StarRating], [h].[Url], [h0].[Id], [h0].[Email] AS [Email0], [h0].[Name], [h0].[Password], [h0].[Phone]
    FROM [Hotels] AS [h]
    INNER JOIN [HotelManagers] AS [h0] ON [h].[HotelManagerId] = [h0].[Id]
    WHERE [h].[HotelId] = @__id_0
) AS [t]
LEFT JOIN [Rooms] AS [r] ON [t].[HotelId] = [r].[HotelId]
LEFT JOIN [Reviews] AS [r0] ON [t].[HotelId] = [r0].[HotelId]
ORDER BY [t].[HotelId], [t].[Id], [r].[RoomId]
2025-04-28 09:53:08,749 [.NET TP Worker] INFO Microsoft.EntityFrameworkCore.Database.Command - Executed DbCommand (329ms) [Parameters=[@p1='?' (DbType = Int32), @p0='?' (Size = 4000)], CommandType='Text', CommandTimeout='30']
SET IMPLICIT_TRANSACTIONS OFF;
SET NOCOUNT ON;
UPDATE [Hotels] SET [Location] = @p0
OUTPUT 1
WHERE [HotelId] = @p1;
2025-04-28 09:53:08,759 [.NET TP Worker] INFO Microsoft.EntityFrameworkCore.Database.Command - Executed DbCommand (6ms) [Parameters=[@__id_0='?' (DbType = Int32)], CommandType='Text', CommandTimeout='30']
SELECT [t].[HotelId], [t].[Amenities], [t].[ContactNumber], [t].[Description], [t].[Email], [t].[HotelManagerId], [t].[HotelName], [t].[Location], [t].[PricePerNight], [t].[StarRating], [t].[Url], [t].[Id], [r].[RoomId], [r].[Amenities], [r].[Capacity], [r].[Description], [r].[HotelId], [r].[IsAvailable], [r].[PricePerNight], [r].[Type], [r].[Url], [r0].[ReviewId], [r0].[Comment], [r0].[CustomerId], [r0].[Date], [r0].[HotelId], [r0].[Rating], [t].[Email0], [t].[Name], [t].[Password], [t].[Phone]
FROM (
    SELECT TOP(1) [h].[HotelId], [h].[Amenities], [h].[ContactNumber], [h].[Description], [h].[Email], [h].[HotelManagerId], [h].[HotelName], [h].[Location], [h].[PricePerNight], [h].[StarRating], [h].[Url], [h0].[Id], [h0].[Email] AS [Email0], [h0].[Name], [h0].[Password], [h0].[Phone]
    FROM [Hotels] AS [h]
    INNER JOIN [HotelManagers] AS [h0] ON [h].[HotelManagerId] = [h0].[Id]
    WHERE [h].[HotelId] = @__id_0
) AS [t]
LEFT JOIN [Rooms] AS [r] ON [t].[HotelId] = [r].[HotelId]
LEFT JOIN [Reviews] AS [r0] ON [t].[HotelId] = [r0].[HotelId]
ORDER BY [t].[HotelId], [t].[Id], [r].[RoomId]
2025-04-28 09:53:52,670 [.NET TP Worker] INFO Microsoft.EntityFrameworkCore.Database.Command - Executed DbCommand (863ms) [Parameters=[], CommandType='Text', CommandTimeout='30']
SELECT [h].[HotelId], [h].[Amenities], [h].[ContactNumber], [h].[Description], [h].[Email], [h].[HotelManagerId], [h].[HotelName], [h].[Location], [h].[PricePerNight], [h].[StarRating], [h].[Url], [h0].[Id], [r].[RoomId], [r].[Amenities], [r].[Capacity], [r].[Description], [r].[HotelId], [r].[IsAvailable], [r].[PricePerNight], [r].[Type], [r].[Url], [r0].[ReviewId], [r0].[Comment], [r0].[CustomerId], [r0].[Date], [r0].[HotelId], [r0].[Rating], [h0].[Email], [h0].[Name], [h0].[Password], [h0].[Phone]
FROM [Hotels] AS [h]
INNER JOIN [HotelManagers] AS [h0] ON [h].[HotelManagerId] = [h0].[Id]
LEFT JOIN [Rooms] AS [r] ON [h].[HotelId] = [r].[HotelId]
LEFT JOIN [Reviews] AS [r0] ON [h].[HotelId] = [r0].[HotelId]
ORDER BY [h].[HotelId], [h0].[Id], [r].[RoomId]
2025-04-28 09:59:23,197 [.NET TP Worker] INFO Microsoft.EntityFrameworkCore.Database.Command - Executed DbCommand (748ms) [Parameters=[], CommandType='Text', CommandTimeout='30']
SELECT [h].[HotelId], [h].[Amenities], [h].[ContactNumber], [h].[Description], [h].[Email], [h].[HotelManagerId], [h].[HotelName], [h].[Location], [h].[PricePerNight], [h].[StarRating], [h].[Url], [h0].[Id], [r].[RoomId], [r].[Amenities], [r].[Capacity], [r].[Description], [r].[HotelId], [r].[IsAvailable], [r].[PricePerNight], [r].[Type], [r].[Url], [r0].[ReviewId], [r0].[Comment], [r0].[CustomerId], [r0].[Date], [r0].[HotelId], [r0].[Rating], [h0].[Email], [h0].[Name], [h0].[Password], [h0].[Phone]
FROM [Hotels] AS [h]
INNER JOIN [HotelManagers] AS [h0] ON [h].[HotelManagerId] = [h0].[Id]
LEFT JOIN [Rooms] AS [r] ON [h].[HotelId] = [r].[HotelId]
LEFT JOIN [Reviews] AS [r0] ON [h].[HotelId] = [r0].[HotelId]
ORDER BY [h].[HotelId], [h0].[Id], [r].[RoomId]
2025-04-28 10:04:56,331 [.NET TP Worker] INFO Microsoft.EntityFrameworkCore.Database.Command - Executed DbCommand (413ms) [Parameters=[], CommandType='Text', CommandTimeout='30']
SELECT COUNT(*)
FROM [Users] AS [u]
2025-04-28 10:04:56,371 [.NET TP Worker] INFO Microsoft.EntityFrameworkCore.Database.Command - Executed DbCommand (29ms) [Parameters=[], CommandType='Text', CommandTimeout='30']
SELECT [u].[Email], [u].[HashKey], [u].[Password], [u].[Role]
FROM [Users] AS [u]
2025-04-28 10:04:56,446 [.NET TP Worker] INFO Microsoft.EntityFrameworkCore.Database.Command - Executed DbCommand (45ms) [Parameters=[@p0='?' (Size = 450), @p1='?' (Size = 8000) (DbType = Binary), @p2='?' (Size = 8000) (DbType = Binary), @p3='?' (Size = 4000)], CommandType='Text', CommandTimeout='30']
SET IMPLICIT_TRANSACTIONS OFF;
SET NOCOUNT ON;
INSERT INTO [Users] ([Email], [HashKey], [Password], [Role])
VALUES (@p0, @p1, @p2, @p3);
2025-04-28 10:04:56,587 [.NET TP Worker] INFO Microsoft.EntityFrameworkCore.Database.Command - Executed DbCommand (110ms) [Parameters=[@p0='?' (Size = 450), @p1='?' (Size = 4000), @p2='?' (Size = 4000), @p3='?' (Size = 4000)], CommandType='Text', CommandTimeout='30']
SET IMPLICIT_TRANSACTIONS OFF;
SET NOCOUNT ON;
INSERT INTO [HotelManagers] ([Email], [Name], [Password], [Phone])
OUTPUT INSERTED.[Id]
VALUES (@p0, @p1, @p2, @p3);
2025-04-28 10:06:17,405 [.NET TP Worker] INFO Microsoft.EntityFrameworkCore.Database.Command - Executed DbCommand (940ms) [Parameters=[@p0='?' (Size = 4000), @p1='?' (Size = 4000), @p2='?' (Size = 4000), @p3='?' (Size = 4000), @p4='?' (DbType = Int32), @p5='?' (Size = 4000), @p6='?' (Size = 4000), @p7='?' (Precision = 18) (Scale = 2) (DbType = Decimal), @p8='?' (DbType = Int32), @p9='?' (Size = 500)], CommandType='Text', CommandTimeout='30']
SET IMPLICIT_TRANSACTIONS OFF;
SET NOCOUNT ON;
INSERT INTO [Hotels] ([Amenities], [ContactNumber], [Description], [Email], [HotelManagerId], [HotelName], [Location], [PricePerNight], [StarRating], [Url])
OUTPUT INSERTED.[HotelId]
VALUES (@p0, @p1, @p2, @p3, @p4, @p5, @p6, @p7, @p8, @p9);
2025-04-28 10:06:58,441 [.NET TP Worker] INFO Microsoft.EntityFrameworkCore.Database.Command - Executed DbCommand (8ms) [Parameters=[], CommandType='Text', CommandTimeout='30']
SELECT [h].[HotelId], [h].[Amenities], [h].[ContactNumber], [h].[Description], [h].[Email], [h].[HotelManagerId], [h].[HotelName], [h].[Location], [h].[PricePerNight], [h].[StarRating], [h].[Url], [h0].[Id], [r].[RoomId], [r].[Amenities], [r].[Capacity], [r].[Description], [r].[HotelId], [r].[IsAvailable], [r].[PricePerNight], [r].[Type], [r].[Url], [r0].[ReviewId], [r0].[Comment], [r0].[CustomerId], [r0].[Date], [r0].[HotelId], [r0].[Rating], [h0].[Email], [h0].[Name], [h0].[Password], [h0].[Phone]
FROM [Hotels] AS [h]
INNER JOIN [HotelManagers] AS [h0] ON [h].[HotelManagerId] = [h0].[Id]
LEFT JOIN [Rooms] AS [r] ON [h].[HotelId] = [r].[HotelId]
LEFT JOIN [Reviews] AS [r0] ON [h].[HotelId] = [r0].[HotelId]
ORDER BY [h].[HotelId], [h0].[Id], [r].[RoomId]
2025-04-28 10:08:25,467 [.NET TP Worker] INFO Microsoft.EntityFrameworkCore.Database.Command - Executed DbCommand (179ms) [Parameters=[], CommandType='Text', CommandTimeout='30']
SELECT [h].[HotelId], [h].[Amenities], [h].[ContactNumber], [h].[Description], [h].[Email], [h].[HotelManagerId], [h].[HotelName], [h].[Location], [h].[PricePerNight], [h].[StarRating], [h].[Url], [h0].[Id], [r].[RoomId], [r].[Amenities], [r].[Capacity], [r].[Description], [r].[HotelId], [r].[IsAvailable], [r].[PricePerNight], [r].[Type], [r].[Url], [r0].[ReviewId], [r0].[Comment], [r0].[CustomerId], [r0].[Date], [r0].[HotelId], [r0].[Rating], [h0].[Email], [h0].[Name], [h0].[Password], [h0].[Phone]
FROM [Hotels] AS [h]
INNER JOIN [HotelManagers] AS [h0] ON [h].[HotelManagerId] = [h0].[Id]
LEFT JOIN [Rooms] AS [r] ON [h].[HotelId] = [r].[HotelId]
LEFT JOIN [Reviews] AS [r0] ON [h].[HotelId] = [r0].[HotelId]
ORDER BY [h].[HotelId], [h0].[Id], [r].[RoomId]
2025-04-28 10:24:52,059 [1] INFO Microsoft.Hosting.Lifetime - Now listening on: http://localhost:5012
2025-04-28 10:24:52,709 [1] INFO Microsoft.Hosting.Lifetime - Application started. Press Ctrl+C to shut down.
2025-04-28 10:24:52,711 [1] INFO Microsoft.Hosting.Lifetime - Hosting environment: Development
2025-04-28 10:24:52,713 [1] INFO Microsoft.Hosting.Lifetime - Content root path: C:\Users\sivab\source\repos\CozyHavenStay\CozyHavenStay
2025-04-28 10:26:16,643 [.NET TP Worker] WARN Microsoft.EntityFrameworkCore.Model.Validation - No store type was specified for the decimal property 'PricePerNight' on entity type 'Hotel'. This will cause values to be silently truncated if they do not fit in the default precision and scale. Explicitly specify the SQL server column type that can accommodate all the values in 'OnModelCreating' using 'HasColumnType', specify precision and scale using 'HasPrecision', or configure a value converter using 'HasConversion'.
2025-04-28 10:26:16,648 [.NET TP Worker] WARN Microsoft.EntityFrameworkCore.Model.Validation - No store type was specified for the decimal property 'AmountPaid' on entity type 'Payment'. This will cause values to be silently truncated if they do not fit in the default precision and scale. Explicitly specify the SQL server column type that can accommodate all the values in 'OnModelCreating' using 'HasColumnType', specify precision and scale using 'HasPrecision', or configure a value converter using 'HasConversion'.
2025-04-28 10:26:16,650 [.NET TP Worker] WARN Microsoft.EntityFrameworkCore.Model.Validation - No store type was specified for the decimal property 'AmountRefunded' on entity type 'Refund'. This will cause values to be silently truncated if they do not fit in the default precision and scale. Explicitly specify the SQL server column type that can accommodate all the values in 'OnModelCreating' using 'HasColumnType', specify precision and scale using 'HasPrecision', or configure a value converter using 'HasConversion'.
2025-04-28 10:26:16,652 [.NET TP Worker] WARN Microsoft.EntityFrameworkCore.Model.Validation - No store type was specified for the decimal property 'PricePerNight' on entity type 'Room'. This will cause values to be silently truncated if they do not fit in the default precision and scale. Explicitly specify the SQL server column type that can accommodate all the values in 'OnModelCreating' using 'HasColumnType', specify precision and scale using 'HasPrecision', or configure a value converter using 'HasConversion'.
2025-04-28 10:26:17,997 [.NET TP Worker] WARN Microsoft.EntityFrameworkCore.Query - Compiling a query which loads related collections for more than one collection navigation, either via 'Include' or through projection, but no 'QuerySplittingBehavior' has been configured. By default, Entity Framework will use 'QuerySplittingBehavior.SingleQuery', which can potentially result in slow query performance. See https://go.microsoft.com/fwlink/?linkid=2134277 for more information. To identify the query that's triggering this warning call 'ConfigureWarnings(w => w.Throw(RelationalEventId.MultipleCollectionIncludeWarning))'.
2025-04-28 10:26:23,149 [.NET TP Worker] INFO Microsoft.EntityFrameworkCore.Database.Command - Executed DbCommand (1,915ms) [Parameters=[], CommandType='Text', CommandTimeout='30']
SELECT [h].[HotelId], [h].[Amenities], [h].[ContactNumber], [h].[Description], [h].[Email], [h].[HotelManagerId], [h].[HotelName], [h].[Location], [h].[PricePerNight], [h].[StarRating], [h].[Url], [h0].[Id], [r].[RoomId], [r].[Amenities], [r].[Capacity], [r].[Description], [r].[HotelId], [r].[IsAvailable], [r].[PricePerNight], [r].[Type], [r].[Url], [r0].[ReviewId], [r0].[Comment], [r0].[CustomerId], [r0].[Date], [r0].[HotelId], [r0].[Rating], [h0].[Email], [h0].[Name], [h0].[Password], [h0].[Phone]
FROM [Hotels] AS [h]
INNER JOIN [HotelManagers] AS [h0] ON [h].[HotelManagerId] = [h0].[Id]
LEFT JOIN [Rooms] AS [r] ON [h].[HotelId] = [r].[HotelId]
LEFT JOIN [Reviews] AS [r0] ON [h].[HotelId] = [r0].[HotelId]
ORDER BY [h].[HotelId], [h0].[Id], [r].[RoomId]
2025-04-28 10:26:53,199 [.NET TP Worker] INFO Microsoft.EntityFrameworkCore.Database.Command - Executed DbCommand (383ms) [Parameters=[], CommandType='Text', CommandTimeout='30']
SELECT [h].[HotelId], [h].[Amenities], [h].[ContactNumber], [h].[Description], [h].[Email], [h].[HotelManagerId], [h].[HotelName], [h].[Location], [h].[PricePerNight], [h].[StarRating], [h].[Url], [h0].[Id], [r].[RoomId], [r].[Amenities], [r].[Capacity], [r].[Description], [r].[HotelId], [r].[IsAvailable], [r].[PricePerNight], [r].[Type], [r].[Url], [r0].[ReviewId], [r0].[Comment], [r0].[CustomerId], [r0].[Date], [r0].[HotelId], [r0].[Rating], [h0].[Email], [h0].[Name], [h0].[Password], [h0].[Phone]
FROM [Hotels] AS [h]
INNER JOIN [HotelManagers] AS [h0] ON [h].[HotelManagerId] = [h0].[Id]
LEFT JOIN [Rooms] AS [r] ON [h].[HotelId] = [r].[HotelId]
LEFT JOIN [Reviews] AS [r0] ON [h].[HotelId] = [r0].[HotelId]
ORDER BY [h].[HotelId], [h0].[Id], [r].[RoomId]
2025-04-28 10:27:51,534 [.NET TP Worker] INFO Microsoft.EntityFrameworkCore.Database.Command - Executed DbCommand (323ms) [Parameters=[], CommandType='Text', CommandTimeout='30']
SELECT [h].[HotelId], [h].[Amenities], [h].[ContactNumber], [h].[Description], [h].[Email], [h].[HotelManagerId], [h].[HotelName], [h].[Location], [h].[PricePerNight], [h].[StarRating], [h].[Url], [h0].[Id], [r].[RoomId], [r].[Amenities], [r].[Capacity], [r].[Description], [r].[HotelId], [r].[IsAvailable], [r].[PricePerNight], [r].[Type], [r].[Url], [r0].[ReviewId], [r0].[Comment], [r0].[CustomerId], [r0].[Date], [r0].[HotelId], [r0].[Rating], [h0].[Email], [h0].[Name], [h0].[Password], [h0].[Phone]
FROM [Hotels] AS [h]
INNER JOIN [HotelManagers] AS [h0] ON [h].[HotelManagerId] = [h0].[Id]
LEFT JOIN [Rooms] AS [r] ON [h].[HotelId] = [r].[HotelId]
LEFT JOIN [Reviews] AS [r0] ON [h].[HotelId] = [r0].[HotelId]
ORDER BY [h].[HotelId], [h0].[Id], [r].[RoomId]
2025-04-28 10:36:36,743 [.NET TP Worker] INFO Microsoft.EntityFrameworkCore.Database.Command - Executed DbCommand (435ms) [Parameters=[], CommandType='Text', CommandTimeout='30']
SELECT [h].[HotelId], [h].[Amenities], [h].[ContactNumber], [h].[Description], [h].[Email], [h].[HotelManagerId], [h].[HotelName], [h].[Location], [h].[PricePerNight], [h].[StarRating], [h].[Url], [h0].[Id], [r].[RoomId], [r].[Amenities], [r].[Capacity], [r].[Description], [r].[HotelId], [r].[IsAvailable], [r].[PricePerNight], [r].[Type], [r].[Url], [r0].[ReviewId], [r0].[Comment], [r0].[CustomerId], [r0].[Date], [r0].[HotelId], [r0].[Rating], [h0].[Email], [h0].[Name], [h0].[Password], [h0].[Phone]
FROM [Hotels] AS [h]
INNER JOIN [HotelManagers] AS [h0] ON [h].[HotelManagerId] = [h0].[Id]
LEFT JOIN [Rooms] AS [r] ON [h].[HotelId] = [r].[HotelId]
LEFT JOIN [Reviews] AS [r0] ON [h].[HotelId] = [r0].[HotelId]
ORDER BY [h].[HotelId], [h0].[Id], [r].[RoomId]
2025-04-28 10:44:04,181 [.NET TP Worker] INFO Microsoft.EntityFrameworkCore.Database.Command - Executed DbCommand (204ms) [Parameters=[], CommandType='Text', CommandTimeout='30']
SELECT [h].[HotelId], [h].[Amenities], [h].[ContactNumber], [h].[Description], [h].[Email], [h].[HotelManagerId], [h].[HotelName], [h].[Location], [h].[PricePerNight], [h].[StarRating], [h].[Url], [h0].[Id], [r].[RoomId], [r].[Amenities], [r].[Capacity], [r].[Description], [r].[HotelId], [r].[IsAvailable], [r].[PricePerNight], [r].[Type], [r].[Url], [r0].[ReviewId], [r0].[Comment], [r0].[CustomerId], [r0].[Date], [r0].[HotelId], [r0].[Rating], [h0].[Email], [h0].[Name], [h0].[Password], [h0].[Phone]
FROM [Hotels] AS [h]
INNER JOIN [HotelManagers] AS [h0] ON [h].[HotelManagerId] = [h0].[Id]
LEFT JOIN [Rooms] AS [r] ON [h].[HotelId] = [r].[HotelId]
LEFT JOIN [Reviews] AS [r0] ON [h].[HotelId] = [r0].[HotelId]
ORDER BY [h].[HotelId], [h0].[Id], [r].[RoomId]
2025-04-28 10:45:32,330 [.NET TP Worker] INFO Microsoft.EntityFrameworkCore.Database.Command - Executed DbCommand (1,053ms) [Parameters=[@__id_0='?' (Size = 450)], CommandType='Text', CommandTimeout='30']
SELECT TOP(2) [u].[Email], [u].[HashKey], [u].[Password], [u].[Role]
FROM [Users] AS [u]
WHERE [u].[Email] = @__id_0
2025-04-28 10:45:32,616 [.NET TP Worker] INFO Microsoft.EntityFrameworkCore.Database.Command - Executed DbCommand (92ms) [Parameters=[], CommandType='Text', CommandTimeout='30']
SELECT [a].[Id], [a].[Email], [a].[Name]
FROM [Admins] AS [a]
2025-04-28 10:46:19,045 [.NET TP Worker] WARN Microsoft.EntityFrameworkCore.Query - Compiling a query which loads related collections for more than one collection navigation, either via 'Include' or through projection, but no 'QuerySplittingBehavior' has been configured. By default, Entity Framework will use 'QuerySplittingBehavior.SingleQuery', which can potentially result in slow query performance. See https://go.microsoft.com/fwlink/?linkid=2134277 for more information. To identify the query that's triggering this warning call 'ConfigureWarnings(w => w.Throw(RelationalEventId.MultipleCollectionIncludeWarning))'.
2025-04-28 10:46:20,017 [.NET TP Worker] INFO Microsoft.EntityFrameworkCore.Database.Command - Executed DbCommand (945ms) [Parameters=[@__id_0='?' (DbType = Int32)], CommandType='Text', CommandTimeout='30']
SELECT [t].[HotelId], [t].[Amenities], [t].[ContactNumber], [t].[Description], [t].[Email], [t].[HotelManagerId], [t].[HotelName], [t].[Location], [t].[PricePerNight], [t].[StarRating], [t].[Url], [t].[Id], [r].[RoomId], [r].[Amenities], [r].[Capacity], [r].[Description], [r].[HotelId], [r].[IsAvailable], [r].[PricePerNight], [r].[Type], [r].[Url], [r0].[ReviewId], [r0].[Comment], [r0].[CustomerId], [r0].[Date], [r0].[HotelId], [r0].[Rating], [t].[Email0], [t].[Name], [t].[Password], [t].[Phone]
FROM (
    SELECT TOP(1) [h].[HotelId], [h].[Amenities], [h].[ContactNumber], [h].[Description], [h].[Email], [h].[HotelManagerId], [h].[HotelName], [h].[Location], [h].[PricePerNight], [h].[StarRating], [h].[Url], [h0].[Id], [h0].[Email] AS [Email0], [h0].[Name], [h0].[Password], [h0].[Phone]
    FROM [Hotels] AS [h]
    INNER JOIN [HotelManagers] AS [h0] ON [h].[HotelManagerId] = [h0].[Id]
    WHERE [h].[HotelId] = @__id_0
) AS [t]
LEFT JOIN [Rooms] AS [r] ON [t].[HotelId] = [r].[HotelId]
LEFT JOIN [Reviews] AS [r0] ON [t].[HotelId] = [r0].[HotelId]
ORDER BY [t].[HotelId], [t].[Id], [r].[RoomId]
2025-04-28 10:51:01,430 [.NET TP Worker] INFO Microsoft.EntityFrameworkCore.Database.Command - Executed DbCommand (480ms) [Parameters=[@__id_0='?' (DbType = Int32)], CommandType='Text', CommandTimeout='30']
SELECT [t].[HotelId], [t].[Amenities], [t].[ContactNumber], [t].[Description], [t].[Email], [t].[HotelManagerId], [t].[HotelName], [t].[Location], [t].[PricePerNight], [t].[StarRating], [t].[Url], [t].[Id], [r].[RoomId], [r].[Amenities], [r].[Capacity], [r].[Description], [r].[HotelId], [r].[IsAvailable], [r].[PricePerNight], [r].[Type], [r].[Url], [r0].[ReviewId], [r0].[Comment], [r0].[CustomerId], [r0].[Date], [r0].[HotelId], [r0].[Rating], [t].[Email0], [t].[Name], [t].[Password], [t].[Phone]
FROM (
    SELECT TOP(1) [h].[HotelId], [h].[Amenities], [h].[ContactNumber], [h].[Description], [h].[Email], [h].[HotelManagerId], [h].[HotelName], [h].[Location], [h].[PricePerNight], [h].[StarRating], [h].[Url], [h0].[Id], [h0].[Email] AS [Email0], [h0].[Name], [h0].[Password], [h0].[Phone]
    FROM [Hotels] AS [h]
    INNER JOIN [HotelManagers] AS [h0] ON [h].[HotelManagerId] = [h0].[Id]
    WHERE [h].[HotelId] = @__id_0
) AS [t]
LEFT JOIN [Rooms] AS [r] ON [t].[HotelId] = [r].[HotelId]
LEFT JOIN [Reviews] AS [r0] ON [t].[HotelId] = [r0].[HotelId]
ORDER BY [t].[HotelId], [t].[Id], [r].[RoomId]
2025-04-28 10:51:01,504 [.NET TP Worker] INFO Microsoft.EntityFrameworkCore.Database.Command - Executed DbCommand (1ms) [Parameters=[@__id_0='?' (DbType = Int32)], CommandType='Text', CommandTimeout='30']
SELECT [t].[HotelId], [t].[Amenities], [t].[ContactNumber], [t].[Description], [t].[Email], [t].[HotelManagerId], [t].[HotelName], [t].[Location], [t].[PricePerNight], [t].[StarRating], [t].[Url], [t].[Id], [r].[RoomId], [r].[Amenities], [r].[Capacity], [r].[Description], [r].[HotelId], [r].[IsAvailable], [r].[PricePerNight], [r].[Type], [r].[Url], [r0].[ReviewId], [r0].[Comment], [r0].[CustomerId], [r0].[Date], [r0].[HotelId], [r0].[Rating], [t].[Email0], [t].[Name], [t].[Password], [t].[Phone]
FROM (
    SELECT TOP(1) [h].[HotelId], [h].[Amenities], [h].[ContactNumber], [h].[Description], [h].[Email], [h].[HotelManagerId], [h].[HotelName], [h].[Location], [h].[PricePerNight], [h].[StarRating], [h].[Url], [h0].[Id], [h0].[Email] AS [Email0], [h0].[Name], [h0].[Password], [h0].[Phone]
    FROM [Hotels] AS [h]
    INNER JOIN [HotelManagers] AS [h0] ON [h].[HotelManagerId] = [h0].[Id]
    WHERE [h].[HotelId] = @__id_0
) AS [t]
LEFT JOIN [Rooms] AS [r] ON [t].[HotelId] = [r].[HotelId]
LEFT JOIN [Reviews] AS [r0] ON [t].[HotelId] = [r0].[HotelId]
ORDER BY [t].[HotelId], [t].[Id], [r].[RoomId]
2025-04-28 10:51:02,819 [.NET TP Worker] INFO Microsoft.EntityFrameworkCore.Database.Command - Executed DbCommand (704ms) [Parameters=[@p1='?' (DbType = Int32), @p0='?' (Size = 4000)], CommandType='Text', CommandTimeout='30']
SET IMPLICIT_TRANSACTIONS OFF;
SET NOCOUNT ON;
UPDATE [Hotels] SET [Location] = @p0
OUTPUT 1
WHERE [HotelId] = @p1;
2025-04-28 10:51:03,435 [.NET TP Worker] INFO Microsoft.EntityFrameworkCore.Database.Command - Executed DbCommand (405ms) [Parameters=[@__id_0='?' (DbType = Int32)], CommandType='Text', CommandTimeout='30']
SELECT [t].[HotelId], [t].[Amenities], [t].[ContactNumber], [t].[Description], [t].[Email], [t].[HotelManagerId], [t].[HotelName], [t].[Location], [t].[PricePerNight], [t].[StarRating], [t].[Url], [t].[Id], [r].[RoomId], [r].[Amenities], [r].[Capacity], [r].[Description], [r].[HotelId], [r].[IsAvailable], [r].[PricePerNight], [r].[Type], [r].[Url], [r0].[ReviewId], [r0].[Comment], [r0].[CustomerId], [r0].[Date], [r0].[HotelId], [r0].[Rating], [t].[Email0], [t].[Name], [t].[Password], [t].[Phone]
FROM (
    SELECT TOP(1) [h].[HotelId], [h].[Amenities], [h].[ContactNumber], [h].[Description], [h].[Email], [h].[HotelManagerId], [h].[HotelName], [h].[Location], [h].[PricePerNight], [h].[StarRating], [h].[Url], [h0].[Id], [h0].[Email] AS [Email0], [h0].[Name], [h0].[Password], [h0].[Phone]
    FROM [Hotels] AS [h]
    INNER JOIN [HotelManagers] AS [h0] ON [h].[HotelManagerId] = [h0].[Id]
    WHERE [h].[HotelId] = @__id_0
) AS [t]
LEFT JOIN [Rooms] AS [r] ON [t].[HotelId] = [r].[HotelId]
LEFT JOIN [Reviews] AS [r0] ON [t].[HotelId] = [r0].[HotelId]
ORDER BY [t].[HotelId], [t].[Id], [r].[RoomId]
2025-04-28 10:51:54,643 [.NET TP Worker] INFO Microsoft.EntityFrameworkCore.Database.Command - Executed DbCommand (210ms) [Parameters=[], CommandType='Text', CommandTimeout='30']
SELECT [h].[HotelId], [h].[Amenities], [h].[ContactNumber], [h].[Description], [h].[Email], [h].[HotelManagerId], [h].[HotelName], [h].[Location], [h].[PricePerNight], [h].[StarRating], [h].[Url], [h0].[Id], [r].[RoomId], [r].[Amenities], [r].[Capacity], [r].[Description], [r].[HotelId], [r].[IsAvailable], [r].[PricePerNight], [r].[Type], [r].[Url], [r0].[ReviewId], [r0].[Comment], [r0].[CustomerId], [r0].[Date], [r0].[HotelId], [r0].[Rating], [h0].[Email], [h0].[Name], [h0].[Password], [h0].[Phone]
FROM [Hotels] AS [h]
INNER JOIN [HotelManagers] AS [h0] ON [h].[HotelManagerId] = [h0].[Id]
LEFT JOIN [Rooms] AS [r] ON [h].[HotelId] = [r].[HotelId]
LEFT JOIN [Reviews] AS [r0] ON [h].[HotelId] = [r0].[HotelId]
ORDER BY [h].[HotelId], [h0].[Id], [r].[RoomId]
2025-04-28 11:34:39,625 [.NET TP Worker] INFO Microsoft.EntityFrameworkCore.Database.Command - Executed DbCommand (323ms) [Parameters=[], CommandType='Text', CommandTimeout='30']
SELECT [h].[HotelId], [h].[Amenities], [h].[ContactNumber], [h].[Description], [h].[Email], [h].[HotelManagerId], [h].[HotelName], [h].[Location], [h].[PricePerNight], [h].[StarRating], [h].[Url], [h0].[Id], [r].[RoomId], [r].[Amenities], [r].[Capacity], [r].[Description], [r].[HotelId], [r].[IsAvailable], [r].[PricePerNight], [r].[Type], [r].[Url], [r0].[ReviewId], [r0].[Comment], [r0].[CustomerId], [r0].[Date], [r0].[HotelId], [r0].[Rating], [h0].[Email], [h0].[Name], [h0].[Password], [h0].[Phone]
FROM [Hotels] AS [h]
INNER JOIN [HotelManagers] AS [h0] ON [h].[HotelManagerId] = [h0].[Id]
LEFT JOIN [Rooms] AS [r] ON [h].[HotelId] = [r].[HotelId]
LEFT JOIN [Reviews] AS [r0] ON [h].[HotelId] = [r0].[HotelId]
ORDER BY [h].[HotelId], [h0].[Id], [r].[RoomId]
2025-04-30 12:52:58,968 [1] INFO Microsoft.Hosting.Lifetime - Now listening on: http://localhost:5012
2025-04-30 12:53:00,846 [1] INFO Microsoft.Hosting.Lifetime - Application started. Press Ctrl+C to shut down.
2025-04-30 12:53:00,968 [1] INFO Microsoft.Hosting.Lifetime - Hosting environment: Development
2025-04-30 12:53:00,973 [1] INFO Microsoft.Hosting.Lifetime - Content root path: C:\Users\sivab\source\repos\CozyHavenStay\CozyHavenStay
2025-04-30 12:59:24,047 [.NET TP Worker] WARN Microsoft.EntityFrameworkCore.Model.Validation - No store type was specified for the decimal property 'PricePerNight' on entity type 'Hotel'. This will cause values to be silently truncated if they do not fit in the default precision and scale. Explicitly specify the SQL server column type that can accommodate all the values in 'OnModelCreating' using 'HasColumnType', specify precision and scale using 'HasPrecision', or configure a value converter using 'HasConversion'.
2025-04-30 12:59:24,062 [.NET TP Worker] WARN Microsoft.EntityFrameworkCore.Model.Validation - No store type was specified for the decimal property 'AmountPaid' on entity type 'Payment'. This will cause values to be silently truncated if they do not fit in the default precision and scale. Explicitly specify the SQL server column type that can accommodate all the values in 'OnModelCreating' using 'HasColumnType', specify precision and scale using 'HasPrecision', or configure a value converter using 'HasConversion'.
2025-04-30 12:59:24,066 [.NET TP Worker] WARN Microsoft.EntityFrameworkCore.Model.Validation - No store type was specified for the decimal property 'AmountRefunded' on entity type 'Refund'. This will cause values to be silently truncated if they do not fit in the default precision and scale. Explicitly specify the SQL server column type that can accommodate all the values in 'OnModelCreating' using 'HasColumnType', specify precision and scale using 'HasPrecision', or configure a value converter using 'HasConversion'.
2025-04-30 12:59:24,070 [.NET TP Worker] WARN Microsoft.EntityFrameworkCore.Model.Validation - No store type was specified for the decimal property 'PricePerNight' on entity type 'Room'. This will cause values to be silently truncated if they do not fit in the default precision and scale. Explicitly specify the SQL server column type that can accommodate all the values in 'OnModelCreating' using 'HasColumnType', specify precision and scale using 'HasPrecision', or configure a value converter using 'HasConversion'.
2025-04-30 12:59:27,574 [.NET TP Worker] INFO Microsoft.EntityFrameworkCore.Database.Command - Executed DbCommand (1,210ms) [Parameters=[], CommandType='Text', CommandTimeout='30']
SELECT COUNT(*)
FROM [Users] AS [u]
2025-04-30 12:59:27,904 [.NET TP Worker] INFO Microsoft.EntityFrameworkCore.Database.Command - Executed DbCommand (111ms) [Parameters=[], CommandType='Text', CommandTimeout='30']
SELECT [u].[Email], [u].[HashKey], [u].[Password], [u].[Role]
FROM [Users] AS [u]
2025-04-30 12:59:28,792 [.NET TP Worker] INFO Microsoft.EntityFrameworkCore.Database.Command - Executed DbCommand (483ms) [Parameters=[@p0='?' (Size = 450), @p1='?' (Size = 8000) (DbType = Binary), @p2='?' (Size = 8000) (DbType = Binary), @p3='?' (Size = 4000)], CommandType='Text', CommandTimeout='30']
SET IMPLICIT_TRANSACTIONS OFF;
SET NOCOUNT ON;
INSERT INTO [Users] ([Email], [HashKey], [Password], [Role])
VALUES (@p0, @p1, @p2, @p3);
2025-04-30 12:59:30,067 [.NET TP Worker] INFO Microsoft.EntityFrameworkCore.Database.Command - Executed DbCommand (1,184ms) [Parameters=[@p0='?' (Size = 450), @p1='?' (Size = 4000), @p2='?' (Size = 4000), @p3='?' (Size = 4000)], CommandType='Text', CommandTimeout='30']
SET IMPLICIT_TRANSACTIONS OFF;
SET NOCOUNT ON;
INSERT INTO [HotelManagers] ([Email], [Name], [Password], [Phone])
OUTPUT INSERTED.[Id]
VALUES (@p0, @p1, @p2, @p3);
2025-04-30 13:00:19,544 [.NET TP Worker] INFO Microsoft.EntityFrameworkCore.Database.Command - Executed DbCommand (533ms) [Parameters=[@__id_0='?' (Size = 450)], CommandType='Text', CommandTimeout='30']
SELECT TOP(2) [u].[Email], [u].[HashKey], [u].[Password], [u].[Role]
FROM [Users] AS [u]
WHERE [u].[Email] = @__id_0
2025-04-30 13:00:57,347 [.NET TP Worker] INFO Microsoft.EntityFrameworkCore.Database.Command - Executed DbCommand (487ms) [Parameters=[], CommandType='Text', CommandTimeout='30']
SELECT COUNT(*)
FROM [Users] AS [u]
2025-04-30 13:00:57,351 [.NET TP Worker] INFO Microsoft.EntityFrameworkCore.Database.Command - Executed DbCommand (1ms) [Parameters=[], CommandType='Text', CommandTimeout='30']
SELECT [u].[Email], [u].[HashKey], [u].[Password], [u].[Role]
FROM [Users] AS [u]
2025-04-30 13:00:58,769 [.NET TP Worker] ERROR Microsoft.AspNetCore.Diagnostics.DeveloperExceptionPageMiddleware - An unhandled exception has occurred while executing the request.
System.Exception: A user with this email already exists.
   at CozyHavenStay.Services.HotelManagerService.CreateHotelManager(CreateHotelManagerRequest request) in C:\Users\sivab\source\repos\CozyHavenStay\CozyHavenStay\Services\HotelManagerService.cs:line 24
   at CozyHavenStay.Controllers.HotelManagerController.Create(CreateHotelManagerRequest request) in C:\Users\sivab\source\repos\CozyHavenStay\CozyHavenStay\Controllers\HotelManagerController.cs:line 24
   at lambda_method6(Closure, Object)
   at Microsoft.AspNetCore.Mvc.Infrastructure.ActionMethodExecutor.AwaitableObjectResultExecutor.Execute(ActionContext actionContext, IActionResultTypeMapper mapper, ObjectMethodExecutor executor, Object controller, Object[] arguments)
   at Microsoft.AspNetCore.Mvc.Infrastructure.ControllerActionInvoker.<InvokeActionMethodAsync>g__Awaited|12_0(ControllerActionInvoker invoker, ValueTask`1 actionResultValueTask)
   at Microsoft.AspNetCore.Mvc.Infrastructure.ControllerActionInvoker.<InvokeNextActionFilterAsync>g__Awaited|10_0(ControllerActionInvoker invoker, Task lastTask, State next, Scope scope, Object state, Boolean isCompleted)
   at Microsoft.AspNetCore.Mvc.Infrastructure.ControllerActionInvoker.Rethrow(ActionExecutedContextSealed context)
   at Microsoft.AspNetCore.Mvc.Infrastructure.ControllerActionInvoker.Next(State& next, Scope& scope, Object& state, Boolean& isCompleted)
   at Microsoft.AspNetCore.Mvc.Infrastructure.ControllerActionInvoker.InvokeInnerFilterAsync()
--- End of stack trace from previous location ---
   at Microsoft.AspNetCore.Mvc.Infrastructure.ResourceInvoker.<InvokeFilterPipelineAsync>g__Awaited|20_0(ResourceInvoker invoker, Task lastTask, State next, Scope scope, Object state, Boolean isCompleted)
   at Microsoft.AspNetCore.Mvc.Infrastructure.ResourceInvoker.<InvokeAsync>g__Awaited|17_0(ResourceInvoker invoker, Task task, IDisposable scope)
   at Microsoft.AspNetCore.Mvc.Infrastructure.ResourceInvoker.<InvokeAsync>g__Awaited|17_0(ResourceInvoker invoker, Task task, IDisposable scope)
   at Microsoft.AspNetCore.Authorization.AuthorizationMiddleware.Invoke(HttpContext context)
   at Microsoft.AspNetCore.Authentication.AuthenticationMiddleware.Invoke(HttpContext context)
   at Swashbuckle.AspNetCore.SwaggerUI.SwaggerUIMiddleware.Invoke(HttpContext httpContext)
   at Swashbuckle.AspNetCore.Swagger.SwaggerMiddleware.Invoke(HttpContext httpContext, ISwaggerProvider swaggerProvider)
   at Microsoft.AspNetCore.Diagnostics.DeveloperExceptionPageMiddlewareImpl.Invoke(HttpContext context)
2025-04-30 13:01:37,757 [.NET TP Worker] INFO Microsoft.EntityFrameworkCore.Database.Command - Executed DbCommand (62ms) [Parameters=[@__id_0='?' (Size = 450)], CommandType='Text', CommandTimeout='30']
SELECT TOP(2) [u].[Email], [u].[HashKey], [u].[Password], [u].[Role]
FROM [Users] AS [u]
WHERE [u].[Email] = @__id_0
2025-04-30 13:01:44,806 [.NET TP Worker] INFO Microsoft.EntityFrameworkCore.Database.Command - Executed DbCommand (19ms) [Parameters=[@__id_0='?' (Size = 450)], CommandType='Text', CommandTimeout='30']
SELECT TOP(2) [u].[Email], [u].[HashKey], [u].[Password], [u].[Role]
FROM [Users] AS [u]
WHERE [u].[Email] = @__id_0
2025-04-30 13:02:12,449 [.NET TP Worker] INFO Microsoft.EntityFrameworkCore.Database.Command - Executed DbCommand (4ms) [Parameters=[@__id_0='?' (Size = 450)], CommandType='Text', CommandTimeout='30']
SELECT TOP(2) [u].[Email], [u].[HashKey], [u].[Password], [u].[Role]
FROM [Users] AS [u]
WHERE [u].[Email] = @__id_0
2025-04-30 13:02:12,626 [.NET TP Worker] INFO Microsoft.EntityFrameworkCore.Database.Command - Executed DbCommand (63ms) [Parameters=[], CommandType='Text', CommandTimeout='30']
SELECT [a].[Id], [a].[Email], [a].[Name]
FROM [Admins] AS [a]
2025-04-30 13:02:55,716 [.NET TP Worker] WARN Microsoft.EntityFrameworkCore.Query - Compiling a query which loads related collections for more than one collection navigation, either via 'Include' or through projection, but no 'QuerySplittingBehavior' has been configured. By default, Entity Framework will use 'QuerySplittingBehavior.SingleQuery', which can potentially result in slow query performance. See https://go.microsoft.com/fwlink/?linkid=2134277 for more information. To identify the query that's triggering this warning call 'ConfigureWarnings(w => w.Throw(RelationalEventId.MultipleCollectionIncludeWarning))'.
2025-04-30 13:02:57,871 [.NET TP Worker] INFO Microsoft.EntityFrameworkCore.Database.Command - Executed DbCommand (2,142ms) [Parameters=[@__id_0='?' (DbType = Int32)], CommandType='Text', CommandTimeout='30']
SELECT [t].[HotelId], [t].[Amenities], [t].[ContactNumber], [t].[Description], [t].[Email], [t].[HotelManagerId], [t].[HotelName], [t].[Location], [t].[PricePerNight], [t].[StarRating], [t].[Url], [t].[Id], [r].[RoomId], [r].[Amenities], [r].[Capacity], [r].[Description], [r].[HotelId], [r].[IsAvailable], [r].[PricePerNight], [r].[Type], [r].[Url], [r0].[ReviewId], [r0].[Comment], [r0].[CustomerId], [r0].[Date], [r0].[HotelId], [r0].[Rating], [t].[Email0], [t].[Name], [t].[Password], [t].[Phone]
FROM (
    SELECT TOP(1) [h].[HotelId], [h].[Amenities], [h].[ContactNumber], [h].[Description], [h].[Email], [h].[HotelManagerId], [h].[HotelName], [h].[Location], [h].[PricePerNight], [h].[StarRating], [h].[Url], [h0].[Id], [h0].[Email] AS [Email0], [h0].[Name], [h0].[Password], [h0].[Phone]
    FROM [Hotels] AS [h]
    INNER JOIN [HotelManagers] AS [h0] ON [h].[HotelManagerId] = [h0].[Id]
    WHERE [h].[HotelId] = @__id_0
) AS [t]
LEFT JOIN [Rooms] AS [r] ON [t].[HotelId] = [r].[HotelId]
LEFT JOIN [Reviews] AS [r0] ON [t].[HotelId] = [r0].[HotelId]
ORDER BY [t].[HotelId], [t].[Id], [r].[RoomId]
2025-04-30 13:04:23,453 [.NET TP Worker] INFO Microsoft.EntityFrameworkCore.Database.Command - Executed DbCommand (68ms) [Parameters=[@__id_0='?' (DbType = Int32)], CommandType='Text', CommandTimeout='30']
SELECT [t].[HotelId], [t].[Amenities], [t].[ContactNumber], [t].[Description], [t].[Email], [t].[HotelManagerId], [t].[HotelName], [t].[Location], [t].[PricePerNight], [t].[StarRating], [t].[Url], [t].[Id], [r].[RoomId], [r].[Amenities], [r].[Capacity], [r].[Description], [r].[HotelId], [r].[IsAvailable], [r].[PricePerNight], [r].[Type], [r].[Url], [r0].[ReviewId], [r0].[Comment], [r0].[CustomerId], [r0].[Date], [r0].[HotelId], [r0].[Rating], [t].[Email0], [t].[Name], [t].[Password], [t].[Phone]
FROM (
    SELECT TOP(1) [h].[HotelId], [h].[Amenities], [h].[ContactNumber], [h].[Description], [h].[Email], [h].[HotelManagerId], [h].[HotelName], [h].[Location], [h].[PricePerNight], [h].[StarRating], [h].[Url], [h0].[Id], [h0].[Email] AS [Email0], [h0].[Name], [h0].[Password], [h0].[Phone]
    FROM [Hotels] AS [h]
    INNER JOIN [HotelManagers] AS [h0] ON [h].[HotelManagerId] = [h0].[Id]
    WHERE [h].[HotelId] = @__id_0
) AS [t]
LEFT JOIN [Rooms] AS [r] ON [t].[HotelId] = [r].[HotelId]
LEFT JOIN [Reviews] AS [r0] ON [t].[HotelId] = [r0].[HotelId]
ORDER BY [t].[HotelId], [t].[Id], [r].[RoomId]
2025-04-30 13:04:23,523 [.NET TP Worker] INFO Microsoft.EntityFrameworkCore.Database.Command - Executed DbCommand (55ms) [Parameters=[@__id_0='?' (DbType = Int32)], CommandType='Text', CommandTimeout='30']
SELECT [t].[HotelId], [t].[Amenities], [t].[ContactNumber], [t].[Description], [t].[Email], [t].[HotelManagerId], [t].[HotelName], [t].[Location], [t].[PricePerNight], [t].[StarRating], [t].[Url], [t].[Id], [r].[RoomId], [r].[Amenities], [r].[Capacity], [r].[Description], [r].[HotelId], [r].[IsAvailable], [r].[PricePerNight], [r].[Type], [r].[Url], [r0].[ReviewId], [r0].[Comment], [r0].[CustomerId], [r0].[Date], [r0].[HotelId], [r0].[Rating], [t].[Email0], [t].[Name], [t].[Password], [t].[Phone]
FROM (
    SELECT TOP(1) [h].[HotelId], [h].[Amenities], [h].[ContactNumber], [h].[Description], [h].[Email], [h].[HotelManagerId], [h].[HotelName], [h].[Location], [h].[PricePerNight], [h].[StarRating], [h].[Url], [h0].[Id], [h0].[Email] AS [Email0], [h0].[Name], [h0].[Password], [h0].[Phone]
    FROM [Hotels] AS [h]
    INNER JOIN [HotelManagers] AS [h0] ON [h].[HotelManagerId] = [h0].[Id]
    WHERE [h].[HotelId] = @__id_0
) AS [t]
LEFT JOIN [Rooms] AS [r] ON [t].[HotelId] = [r].[HotelId]
LEFT JOIN [Reviews] AS [r0] ON [t].[HotelId] = [r0].[HotelId]
ORDER BY [t].[HotelId], [t].[Id], [r].[RoomId]
2025-04-30 13:04:23,768 [.NET TP Worker] INFO Microsoft.EntityFrameworkCore.Database.Command - Executed DbCommand (188ms) [Parameters=[@p1='?' (DbType = Int32), @p0='?' (Size = 4000)], CommandType='Text', CommandTimeout='30']
SET IMPLICIT_TRANSACTIONS OFF;
SET NOCOUNT ON;
UPDATE [Hotels] SET [Location] = @p0
OUTPUT 1
WHERE [HotelId] = @p1;
2025-04-30 13:04:23,783 [.NET TP Worker] INFO Microsoft.EntityFrameworkCore.Database.Command - Executed DbCommand (9ms) [Parameters=[@__id_0='?' (DbType = Int32)], CommandType='Text', CommandTimeout='30']
SELECT [t].[HotelId], [t].[Amenities], [t].[ContactNumber], [t].[Description], [t].[Email], [t].[HotelManagerId], [t].[HotelName], [t].[Location], [t].[PricePerNight], [t].[StarRating], [t].[Url], [t].[Id], [r].[RoomId], [r].[Amenities], [r].[Capacity], [r].[Description], [r].[HotelId], [r].[IsAvailable], [r].[PricePerNight], [r].[Type], [r].[Url], [r0].[ReviewId], [r0].[Comment], [r0].[CustomerId], [r0].[Date], [r0].[HotelId], [r0].[Rating], [t].[Email0], [t].[Name], [t].[Password], [t].[Phone]
FROM (
    SELECT TOP(1) [h].[HotelId], [h].[Amenities], [h].[ContactNumber], [h].[Description], [h].[Email], [h].[HotelManagerId], [h].[HotelName], [h].[Location], [h].[PricePerNight], [h].[StarRating], [h].[Url], [h0].[Id], [h0].[Email] AS [Email0], [h0].[Name], [h0].[Password], [h0].[Phone]
    FROM [Hotels] AS [h]
    INNER JOIN [HotelManagers] AS [h0] ON [h].[HotelManagerId] = [h0].[Id]
    WHERE [h].[HotelId] = @__id_0
) AS [t]
LEFT JOIN [Rooms] AS [r] ON [t].[HotelId] = [r].[HotelId]
LEFT JOIN [Reviews] AS [r0] ON [t].[HotelId] = [r0].[HotelId]
ORDER BY [t].[HotelId], [t].[Id], [r].[RoomId]
2025-04-30 13:04:35,339 [.NET TP Worker] INFO Microsoft.EntityFrameworkCore.Database.Command - Executed DbCommand (171ms) [Parameters=[@__id_0='?' (DbType = Int32)], CommandType='Text', CommandTimeout='30']
SELECT [t].[HotelId], [t].[Amenities], [t].[ContactNumber], [t].[Description], [t].[Email], [t].[HotelManagerId], [t].[HotelName], [t].[Location], [t].[PricePerNight], [t].[StarRating], [t].[Url], [t].[Id], [r].[RoomId], [r].[Amenities], [r].[Capacity], [r].[Description], [r].[HotelId], [r].[IsAvailable], [r].[PricePerNight], [r].[Type], [r].[Url], [r0].[ReviewId], [r0].[Comment], [r0].[CustomerId], [r0].[Date], [r0].[HotelId], [r0].[Rating], [t].[Email0], [t].[Name], [t].[Password], [t].[Phone]
FROM (
    SELECT TOP(1) [h].[HotelId], [h].[Amenities], [h].[ContactNumber], [h].[Description], [h].[Email], [h].[HotelManagerId], [h].[HotelName], [h].[Location], [h].[PricePerNight], [h].[StarRating], [h].[Url], [h0].[Id], [h0].[Email] AS [Email0], [h0].[Name], [h0].[Password], [h0].[Phone]
    FROM [Hotels] AS [h]
    INNER JOIN [HotelManagers] AS [h0] ON [h].[HotelManagerId] = [h0].[Id]
    WHERE [h].[HotelId] = @__id_0
) AS [t]
LEFT JOIN [Rooms] AS [r] ON [t].[HotelId] = [r].[HotelId]
LEFT JOIN [Reviews] AS [r0] ON [t].[HotelId] = [r0].[HotelId]
ORDER BY [t].[HotelId], [t].[Id], [r].[RoomId]
2025-04-30 13:04:35,344 [.NET TP Worker] INFO Microsoft.EntityFrameworkCore.Database.Command - Executed DbCommand (1ms) [Parameters=[@__id_0='?' (DbType = Int32)], CommandType='Text', CommandTimeout='30']
SELECT [t].[HotelId], [t].[Amenities], [t].[ContactNumber], [t].[Description], [t].[Email], [t].[HotelManagerId], [t].[HotelName], [t].[Location], [t].[PricePerNight], [t].[StarRating], [t].[Url], [t].[Id], [r].[RoomId], [r].[Amenities], [r].[Capacity], [r].[Description], [r].[HotelId], [r].[IsAvailable], [r].[PricePerNight], [r].[Type], [r].[Url], [r0].[ReviewId], [r0].[Comment], [r0].[CustomerId], [r0].[Date], [r0].[HotelId], [r0].[Rating], [t].[Email0], [t].[Name], [t].[Password], [t].[Phone]
FROM (
    SELECT TOP(1) [h].[HotelId], [h].[Amenities], [h].[ContactNumber], [h].[Description], [h].[Email], [h].[HotelManagerId], [h].[HotelName], [h].[Location], [h].[PricePerNight], [h].[StarRating], [h].[Url], [h0].[Id], [h0].[Email] AS [Email0], [h0].[Name], [h0].[Password], [h0].[Phone]
    FROM [Hotels] AS [h]
    INNER JOIN [HotelManagers] AS [h0] ON [h].[HotelManagerId] = [h0].[Id]
    WHERE [h].[HotelId] = @__id_0
) AS [t]
LEFT JOIN [Rooms] AS [r] ON [t].[HotelId] = [r].[HotelId]
LEFT JOIN [Reviews] AS [r0] ON [t].[HotelId] = [r0].[HotelId]
ORDER BY [t].[HotelId], [t].[Id], [r].[RoomId]
2025-04-30 13:04:35,364 [.NET TP Worker] INFO Microsoft.EntityFrameworkCore.Database.Command - Executed DbCommand (17ms) [Parameters=[@p1='?' (DbType = Int32), @p0='?' (Size = 4000)], CommandType='Text', CommandTimeout='30']
SET IMPLICIT_TRANSACTIONS OFF;
SET NOCOUNT ON;
UPDATE [Hotels] SET [Location] = @p0
OUTPUT 1
WHERE [HotelId] = @p1;
2025-04-30 13:04:35,368 [.NET TP Worker] INFO Microsoft.EntityFrameworkCore.Database.Command - Executed DbCommand (1ms) [Parameters=[@__id_0='?' (DbType = Int32)], CommandType='Text', CommandTimeout='30']
SELECT [t].[HotelId], [t].[Amenities], [t].[ContactNumber], [t].[Description], [t].[Email], [t].[HotelManagerId], [t].[HotelName], [t].[Location], [t].[PricePerNight], [t].[StarRating], [t].[Url], [t].[Id], [r].[RoomId], [r].[Amenities], [r].[Capacity], [r].[Description], [r].[HotelId], [r].[IsAvailable], [r].[PricePerNight], [r].[Type], [r].[Url], [r0].[ReviewId], [r0].[Comment], [r0].[CustomerId], [r0].[Date], [r0].[HotelId], [r0].[Rating], [t].[Email0], [t].[Name], [t].[Password], [t].[Phone]
FROM (
    SELECT TOP(1) [h].[HotelId], [h].[Amenities], [h].[ContactNumber], [h].[Description], [h].[Email], [h].[HotelManagerId], [h].[HotelName], [h].[Location], [h].[PricePerNight], [h].[StarRating], [h].[Url], [h0].[Id], [h0].[Email] AS [Email0], [h0].[Name], [h0].[Password], [h0].[Phone]
    FROM [Hotels] AS [h]
    INNER JOIN [HotelManagers] AS [h0] ON [h].[HotelManagerId] = [h0].[Id]
    WHERE [h].[HotelId] = @__id_0
) AS [t]
LEFT JOIN [Rooms] AS [r] ON [t].[HotelId] = [r].[HotelId]
LEFT JOIN [Reviews] AS [r0] ON [t].[HotelId] = [r0].[HotelId]
ORDER BY [t].[HotelId], [t].[Id], [r].[RoomId]
2025-04-30 13:04:55,679 [.NET TP Worker] WARN Microsoft.EntityFrameworkCore.Query - Compiling a query which loads related collections for more than one collection navigation, either via 'Include' or through projection, but no 'QuerySplittingBehavior' has been configured. By default, Entity Framework will use 'QuerySplittingBehavior.SingleQuery', which can potentially result in slow query performance. See https://go.microsoft.com/fwlink/?linkid=2134277 for more information. To identify the query that's triggering this warning call 'ConfigureWarnings(w => w.Throw(RelationalEventId.MultipleCollectionIncludeWarning))'.
2025-04-30 13:04:55,895 [.NET TP Worker] INFO Microsoft.EntityFrameworkCore.Database.Command - Executed DbCommand (206ms) [Parameters=[], CommandType='Text', CommandTimeout='30']
SELECT [h].[HotelId], [h].[Amenities], [h].[ContactNumber], [h].[Description], [h].[Email], [h].[HotelManagerId], [h].[HotelName], [h].[Location], [h].[PricePerNight], [h].[StarRating], [h].[Url], [h0].[Id], [r].[RoomId], [r].[Amenities], [r].[Capacity], [r].[Description], [r].[HotelId], [r].[IsAvailable], [r].[PricePerNight], [r].[Type], [r].[Url], [r0].[ReviewId], [r0].[Comment], [r0].[CustomerId], [r0].[Date], [r0].[HotelId], [r0].[Rating], [h0].[Email], [h0].[Name], [h0].[Password], [h0].[Phone]
FROM [Hotels] AS [h]
INNER JOIN [HotelManagers] AS [h0] ON [h].[HotelManagerId] = [h0].[Id]
LEFT JOIN [Rooms] AS [r] ON [h].[HotelId] = [r].[HotelId]
LEFT JOIN [Reviews] AS [r0] ON [h].[HotelId] = [r0].[HotelId]
ORDER BY [h].[HotelId], [h0].[Id], [r].[RoomId]
2025-04-30 13:07:19,568 [.NET TP Worker] INFO Microsoft.EntityFrameworkCore.Database.Command - Executed DbCommand (331ms) [Parameters=[], CommandType='Text', CommandTimeout='30']
SELECT [h].[HotelId], [h].[Amenities], [h].[ContactNumber], [h].[Description], [h].[Email], [h].[HotelManagerId], [h].[HotelName], [h].[Location], [h].[PricePerNight], [h].[StarRating], [h].[Url], [h0].[Id], [r].[RoomId], [r].[Amenities], [r].[Capacity], [r].[Description], [r].[HotelId], [r].[IsAvailable], [r].[PricePerNight], [r].[Type], [r].[Url], [r0].[ReviewId], [r0].[Comment], [r0].[CustomerId], [r0].[Date], [r0].[HotelId], [r0].[Rating], [h0].[Email], [h0].[Name], [h0].[Password], [h0].[Phone]
FROM [Hotels] AS [h]
INNER JOIN [HotelManagers] AS [h0] ON [h].[HotelManagerId] = [h0].[Id]
LEFT JOIN [Rooms] AS [r] ON [h].[HotelId] = [r].[HotelId]
LEFT JOIN [Reviews] AS [r0] ON [h].[HotelId] = [r0].[HotelId]
ORDER BY [h].[HotelId], [h0].[Id], [r].[RoomId]
2025-04-30 13:35:01,670 [.NET TP Worker] INFO Microsoft.EntityFrameworkCore.Database.Command - Executed DbCommand (11,075ms) [Parameters=[], CommandType='Text', CommandTimeout='30']
SELECT [h].[HotelId], [h].[Amenities], [h].[ContactNumber], [h].[Description], [h].[Email], [h].[HotelManagerId], [h].[HotelName], [h].[Location], [h].[PricePerNight], [h].[StarRating], [h].[Url], [h0].[Id], [r].[RoomId], [r].[Amenities], [r].[Capacity], [r].[Description], [r].[HotelId], [r].[IsAvailable], [r].[PricePerNight], [r].[Type], [r].[Url], [r0].[ReviewId], [r0].[Comment], [r0].[CustomerId], [r0].[Date], [r0].[HotelId], [r0].[Rating], [h0].[Email], [h0].[Name], [h0].[Password], [h0].[Phone]
FROM [Hotels] AS [h]
INNER JOIN [HotelManagers] AS [h0] ON [h].[HotelManagerId] = [h0].[Id]
LEFT JOIN [Rooms] AS [r] ON [h].[HotelId] = [r].[HotelId]
LEFT JOIN [Reviews] AS [r0] ON [h].[HotelId] = [r0].[HotelId]
ORDER BY [h].[HotelId], [h0].[Id], [r].[RoomId]
2025-04-30 13:35:01,614 [.NET TP Worker] INFO Microsoft.EntityFrameworkCore.Database.Command - Executed DbCommand (11,075ms) [Parameters=[], CommandType='Text', CommandTimeout='30']
SELECT [h].[HotelId], [h].[Amenities], [h].[ContactNumber], [h].[Description], [h].[Email], [h].[HotelManagerId], [h].[HotelName], [h].[Location], [h].[PricePerNight], [h].[StarRating], [h].[Url], [h0].[Id], [r].[RoomId], [r].[Amenities], [r].[Capacity], [r].[Description], [r].[HotelId], [r].[IsAvailable], [r].[PricePerNight], [r].[Type], [r].[Url], [r0].[ReviewId], [r0].[Comment], [r0].[CustomerId], [r0].[Date], [r0].[HotelId], [r0].[Rating], [h0].[Email], [h0].[Name], [h0].[Password], [h0].[Phone]
FROM [Hotels] AS [h]
INNER JOIN [HotelManagers] AS [h0] ON [h].[HotelManagerId] = [h0].[Id]
LEFT JOIN [Rooms] AS [r] ON [h].[HotelId] = [r].[HotelId]
LEFT JOIN [Reviews] AS [r0] ON [h].[HotelId] = [r0].[HotelId]
ORDER BY [h].[HotelId], [h0].[Id], [r].[RoomId]
2025-05-01 14:51:12,134 [1] INFO Microsoft.Hosting.Lifetime - Now listening on: http://localhost:5012
2025-05-01 14:51:13,033 [1] INFO Microsoft.Hosting.Lifetime - Application started. Press Ctrl+C to shut down.
2025-05-01 14:51:13,036 [1] INFO Microsoft.Hosting.Lifetime - Hosting environment: Development
2025-05-01 14:51:13,039 [1] INFO Microsoft.Hosting.Lifetime - Content root path: C:\Users\sivab\source\repos\CozyHavenStay\CozyHavenStay
2025-05-01 16:09:24,751 [1] INFO Microsoft.Hosting.Lifetime - Now listening on: http://localhost:5012
2025-05-01 16:09:26,366 [1] INFO Microsoft.Hosting.Lifetime - Application started. Press Ctrl+C to shut down.
2025-05-01 16:09:26,368 [1] INFO Microsoft.Hosting.Lifetime - Hosting environment: Development
2025-05-01 16:09:26,370 [1] INFO Microsoft.Hosting.Lifetime - Content root path: C:\Users\sivab\source\repos\CozyHavenStay\CozyHavenStay
2025-05-01 16:10:02,815 [.NET TP Worker] WARN Microsoft.EntityFrameworkCore.Model.Validation - No store type was specified for the decimal property 'PricePerNight' on entity type 'Hotel'. This will cause values to be silently truncated if they do not fit in the default precision and scale. Explicitly specify the SQL server column type that can accommodate all the values in 'OnModelCreating' using 'HasColumnType', specify precision and scale using 'HasPrecision', or configure a value converter using 'HasConversion'.
2025-05-01 16:10:02,821 [.NET TP Worker] WARN Microsoft.EntityFrameworkCore.Model.Validation - No store type was specified for the decimal property 'AmountPaid' on entity type 'Payment'. This will cause values to be silently truncated if they do not fit in the default precision and scale. Explicitly specify the SQL server column type that can accommodate all the values in 'OnModelCreating' using 'HasColumnType', specify precision and scale using 'HasPrecision', or configure a value converter using 'HasConversion'.
2025-05-01 16:10:02,825 [.NET TP Worker] WARN Microsoft.EntityFrameworkCore.Model.Validation - No store type was specified for the decimal property 'AmountRefunded' on entity type 'Refund'. This will cause values to be silently truncated if they do not fit in the default precision and scale. Explicitly specify the SQL server column type that can accommodate all the values in 'OnModelCreating' using 'HasColumnType', specify precision and scale using 'HasPrecision', or configure a value converter using 'HasConversion'.
2025-05-01 16:10:02,828 [.NET TP Worker] WARN Microsoft.EntityFrameworkCore.Model.Validation - No store type was specified for the decimal property 'PricePerNight' on entity type 'Room'. This will cause values to be silently truncated if they do not fit in the default precision and scale. Explicitly specify the SQL server column type that can accommodate all the values in 'OnModelCreating' using 'HasColumnType', specify precision and scale using 'HasPrecision', or configure a value converter using 'HasConversion'.
2025-05-01 16:10:04,130 [.NET TP Worker] WARN Microsoft.EntityFrameworkCore.Query - Compiling a query which loads related collections for more than one collection navigation, either via 'Include' or through projection, but no 'QuerySplittingBehavior' has been configured. By default, Entity Framework will use 'QuerySplittingBehavior.SingleQuery', which can potentially result in slow query performance. See https://go.microsoft.com/fwlink/?linkid=2134277 for more information. To identify the query that's triggering this warning call 'ConfigureWarnings(w => w.Throw(RelationalEventId.MultipleCollectionIncludeWarning))'.
2025-05-01 16:10:08,690 [.NET TP Worker] INFO Microsoft.EntityFrameworkCore.Database.Command - Executed DbCommand (2,546ms) [Parameters=[], CommandType='Text', CommandTimeout='30']
SELECT [h].[HotelId], [h].[Amenities], [h].[ContactNumber], [h].[Description], [h].[Email], [h].[HotelManagerId], [h].[HotelName], [h].[Location], [h].[PricePerNight], [h].[StarRating], [h].[Url], [h0].[Id], [r].[RoomId], [r].[Amenities], [r].[Capacity], [r].[Description], [r].[HotelId], [r].[IsAvailable], [r].[PricePerNight], [r].[Type], [r].[Url], [r0].[ReviewId], [r0].[Comment], [r0].[CustomerId], [r0].[Date], [r0].[HotelId], [r0].[Rating], [h0].[Email], [h0].[Name], [h0].[Password], [h0].[Phone]
FROM [Hotels] AS [h]
INNER JOIN [HotelManagers] AS [h0] ON [h].[HotelManagerId] = [h0].[Id]
LEFT JOIN [Rooms] AS [r] ON [h].[HotelId] = [r].[HotelId]
LEFT JOIN [Reviews] AS [r0] ON [h].[HotelId] = [r0].[HotelId]
ORDER BY [h].[HotelId], [h0].[Id], [r].[RoomId]
2025-05-01 17:12:03,586 [.NET TP Worker] INFO Microsoft.EntityFrameworkCore.Database.Command - Executed DbCommand (6,551ms) [Parameters=[], CommandType='Text', CommandTimeout='30']
SELECT [h].[HotelId], [h].[Amenities], [h].[ContactNumber], [h].[Description], [h].[Email], [h].[HotelManagerId], [h].[HotelName], [h].[Location], [h].[PricePerNight], [h].[StarRating], [h].[Url], [h0].[Id], [r].[RoomId], [r].[Amenities], [r].[Capacity], [r].[Description], [r].[HotelId], [r].[IsAvailable], [r].[PricePerNight], [r].[Type], [r].[Url], [r0].[ReviewId], [r0].[Comment], [r0].[CustomerId], [r0].[Date], [r0].[HotelId], [r0].[Rating], [h0].[Email], [h0].[Name], [h0].[Password], [h0].[Phone]
FROM [Hotels] AS [h]
INNER JOIN [HotelManagers] AS [h0] ON [h].[HotelManagerId] = [h0].[Id]
LEFT JOIN [Rooms] AS [r] ON [h].[HotelId] = [r].[HotelId]
LEFT JOIN [Reviews] AS [r0] ON [h].[HotelId] = [r0].[HotelId]
ORDER BY [h].[HotelId], [h0].[Id], [r].[RoomId]
2025-05-01 17:12:03,588 [.NET TP Worker] INFO Microsoft.EntityFrameworkCore.Database.Command - Executed DbCommand (6,914ms) [Parameters=[], CommandType='Text', CommandTimeout='30']
SELECT [h].[HotelId], [h].[Amenities], [h].[ContactNumber], [h].[Description], [h].[Email], [h].[HotelManagerId], [h].[HotelName], [h].[Location], [h].[PricePerNight], [h].[StarRating], [h].[Url], [h0].[Id], [r].[RoomId], [r].[Amenities], [r].[Capacity], [r].[Description], [r].[HotelId], [r].[IsAvailable], [r].[PricePerNight], [r].[Type], [r].[Url], [r0].[ReviewId], [r0].[Comment], [r0].[CustomerId], [r0].[Date], [r0].[HotelId], [r0].[Rating], [h0].[Email], [h0].[Name], [h0].[Password], [h0].[Phone]
FROM [Hotels] AS [h]
INNER JOIN [HotelManagers] AS [h0] ON [h].[HotelManagerId] = [h0].[Id]
LEFT JOIN [Rooms] AS [r] ON [h].[HotelId] = [r].[HotelId]
LEFT JOIN [Reviews] AS [r0] ON [h].[HotelId] = [r0].[HotelId]
ORDER BY [h].[HotelId], [h0].[Id], [r].[RoomId]
2025-05-01 17:12:03,557 [.NET TP Worker] INFO Microsoft.EntityFrameworkCore.Database.Command - Executed DbCommand (6,371ms) [Parameters=[], CommandType='Text', CommandTimeout='30']
SELECT [h].[HotelId], [h].[Amenities], [h].[ContactNumber], [h].[Description], [h].[Email], [h].[HotelManagerId], [h].[HotelName], [h].[Location], [h].[PricePerNight], [h].[StarRating], [h].[Url], [h0].[Id], [r].[RoomId], [r].[Amenities], [r].[Capacity], [r].[Description], [r].[HotelId], [r].[IsAvailable], [r].[PricePerNight], [r].[Type], [r].[Url], [r0].[ReviewId], [r0].[Comment], [r0].[CustomerId], [r0].[Date], [r0].[HotelId], [r0].[Rating], [h0].[Email], [h0].[Name], [h0].[Password], [h0].[Phone]
FROM [Hotels] AS [h]
INNER JOIN [HotelManagers] AS [h0] ON [h].[HotelManagerId] = [h0].[Id]
LEFT JOIN [Rooms] AS [r] ON [h].[HotelId] = [r].[HotelId]
LEFT JOIN [Reviews] AS [r0] ON [h].[HotelId] = [r0].[HotelId]
ORDER BY [h].[HotelId], [h0].[Id], [r].[RoomId]
2025-05-01 17:12:03,583 [.NET TP Worker] INFO Microsoft.EntityFrameworkCore.Database.Command - Executed DbCommand (7,566ms) [Parameters=[], CommandType='Text', CommandTimeout='30']
SELECT [h].[HotelId], [h].[Amenities], [h].[ContactNumber], [h].[Description], [h].[Email], [h].[HotelManagerId], [h].[HotelName], [h].[Location], [h].[PricePerNight], [h].[StarRating], [h].[Url], [h0].[Id], [r].[RoomId], [r].[Amenities], [r].[Capacity], [r].[Description], [r].[HotelId], [r].[IsAvailable], [r].[PricePerNight], [r].[Type], [r].[Url], [r0].[ReviewId], [r0].[Comment], [r0].[CustomerId], [r0].[Date], [r0].[HotelId], [r0].[Rating], [h0].[Email], [h0].[Name], [h0].[Password], [h0].[Phone]
FROM [Hotels] AS [h]
INNER JOIN [HotelManagers] AS [h0] ON [h].[HotelManagerId] = [h0].[Id]
LEFT JOIN [Rooms] AS [r] ON [h].[HotelId] = [r].[HotelId]
LEFT JOIN [Reviews] AS [r0] ON [h].[HotelId] = [r0].[HotelId]
ORDER BY [h].[HotelId], [h0].[Id], [r].[RoomId]
2025-05-01 17:20:14,891 [.NET TP Worker] INFO Microsoft.EntityFrameworkCore.Database.Command - Executed DbCommand (368ms) [Parameters=[], CommandType='Text', CommandTimeout='30']
SELECT [h].[HotelId], [h].[Amenities], [h].[ContactNumber], [h].[Description], [h].[Email], [h].[HotelManagerId], [h].[HotelName], [h].[Location], [h].[PricePerNight], [h].[StarRating], [h].[Url], [h0].[Id], [r].[RoomId], [r].[Amenities], [r].[Capacity], [r].[Description], [r].[HotelId], [r].[IsAvailable], [r].[PricePerNight], [r].[Type], [r].[Url], [r0].[ReviewId], [r0].[Comment], [r0].[CustomerId], [r0].[Date], [r0].[HotelId], [r0].[Rating], [h0].[Email], [h0].[Name], [h0].[Password], [h0].[Phone]
FROM [Hotels] AS [h]
INNER JOIN [HotelManagers] AS [h0] ON [h].[HotelManagerId] = [h0].[Id]
LEFT JOIN [Rooms] AS [r] ON [h].[HotelId] = [r].[HotelId]
LEFT JOIN [Reviews] AS [r0] ON [h].[HotelId] = [r0].[HotelId]
ORDER BY [h].[HotelId], [h0].[Id], [r].[RoomId]
2025-05-01 17:29:47,656 [.NET TP Worker] INFO Microsoft.EntityFrameworkCore.Database.Command - Executed DbCommand (2,955ms) [Parameters=[@__id_0='?' (Size = 450)], CommandType='Text', CommandTimeout='30']
SELECT TOP(2) [u].[Email], [u].[HashKey], [u].[Password], [u].[Role]
FROM [Users] AS [u]
WHERE [u].[Email] = @__id_0
2025-05-01 17:29:49,163 [.NET TP Worker] INFO Microsoft.EntityFrameworkCore.Database.Command - Executed DbCommand (707ms) [Parameters=[], CommandType='Text', CommandTimeout='30']
SELECT [a].[Id], [a].[Email], [a].[Name]
FROM [Admins] AS [a]
